Workbook

Sheet 5.arrchage arbre
A1: Chantier | D1: Tâche
A2: BARBAZAN | D2: ARRACHAGE OU ABATTAGE ET DESSOUCHAGE D’ARBRES
A3: Tache immédiatement antécédante | E3: Quantité | F3: Unité | G3: Rendement | H3: durée
E4: 8 | F4: Unité | G4: 13min/u | H4: 1h44min
A5: Descriptif (source CCTP bordereau …)
A6: Ce prix rémunère à l'unité l'arrachage ou abattage et dessouchage d'arbres.Il comprend l'arrachage ou abattage et dessouchage des arbres dont la circonférence mesurée à 1 m du sol est supérieure à 0.60 m ou leur abattage et l'extraction de leur souche - l'évacuation des produits après brûlage éventuel dans un dépôt agrée par le maître d'oeuvre.
A7: Matériel | E7: Main d'œuvre
A8: désignation | B8: Qté | C8: affectation tâche | E8: désignation | F8: Quantité | G8: affectation tâche
A9: pelle | B9: 1 | C9: dessouchage & transport | E9: OHQ | F9: 1 | G9: découpe arbre
A10: tronçonneuse | B10: 1 | C10: découpe arbre | E10: conducteur pelle | F10: 1 | G10: conduit la pelle
A11: Description du mode opératoire
A12: Un homme utilise la tronçonneuse pour découper et faire tomber si possible les arbres en toute sécurité. Un homme conduit la pelle, il creuse autour des souches pour faire sauter les racines, puis la souche. Il évacue les déchets dans la benne prévu pour.
A15: Calcul de rendement, métré de fourniture, calcul de temps de transport, nombre de tours
A16: Donnée | B16: Quantité | D16: Donnée | E16: Quantité
A17: Nombre d'arbre | B17: =E4 -> 8
A18: Tronçonnage
A19: Temps (min)/arbre | B19: 3
A20: Temps total (min) | B20: =B19*B17 -> 24
A21: Dessouchage
A22: Temps (min)/arbre | B22: 10
A23: Temps total (min) | B23: =B22*B17 -> 80
A25: Temps TOTAL (min) | B25: =B20+B23 -> 104
B26: =B25/60/24 -> 0.072222222
A28: FOURNITURE & SOUS-TRAITANCE | F28: Fournisseur
A29: désignation | B29: Qté | C29: Unité | D29: P.U. | E29: Total | F29: Qui? | G29: Distance chantier | H29: Nbre de tours/jour
D31: =IF(A31="","",VLOOKUP(A31,$O$3:$P$13,2,FALSE)) | E31: =IF(A31="","",B31*D31)

Sheet 6.démo découpe chaussée
A1: Chantier | D1: Tâche
A2: BARBAZAN | D2: DEMOLITION DECOUPE CHAUSSEE A LA SCIE HYDRAULIQUE ( Y COMPRIS ÉVACUATION DES GRAVATS)
A3: Tache immédiatement antécédante | E3: Quantité | F3: Unité | G3: Rendement | H3: durée
E4: 223.8 | F4: m2 | G4: 72,32m3/h | H4: 37min08s
A5: Descriptif (source CCTP bordereau …)
A6: Ce prix rémunère au mètre carré la découpe de la chaussée à la scie hydraulique et la démolition sur 0.20 m de profondeur . Il comprend le chargement, le transport et le déchargement des produits au lieu de dépôt agréé par le maître d'œuvre.
A7: Matériel | E7: Main d'œuvre
A8: désignation | B8: Qté | C8: affectation tâche | E8: désignation | F8: Quantité | G8: affectation tâche
A9: camion 25t | B9: 5 | C9: évacuation déchet | E9: pelle | F9: 1 | G9: décroute et transfert au camion les déchets
A11: Description du mode opératoire
A12: La pelle décroute la chaussée préalablement découpé, puis transfert les déchets dans le camion. Le camion une fois remplis, part pour évacuer les déchets en centre de recyclage.
A15: Calcul de rendement, métré de fourniture, calcul de temps de transport, nombre de tours
A16: Donnée | B16: Quantité | D16: Donnée | E16: Quantité
A17: Surface | B17: =E4 -> 223.8 | D17: Transport
A18: epaisseur | B18: 0.2 | D18: Capacité (T) | E18: 25
A19: volume | B19: =B18*B17 -> 44.76 | D19: Densité | E19: 2.5
A20: Décroutage chaussée | D20: Capacité (m3) | E20: =E18/E19 -> 10
A21: Godet (L) | B21: 1000 | D21: nb cycle remplissage | E21: =E20/B22 -> 10
A22: Godet (m3) | B22: =B21/1000 -> 1 | D22: Arrondi | E22: =ROUNDUP(E21,0) -> 10
A23: Nb godet nécessaire | B23: =B19/B22 -> 44.76 | D23: Temps remplissage (s) | E23: =E22*B31 -> 373.33333
A24: T1 (s) | B24: 10 | D24: temps en minutes | E24: =E23/60 -> 6.2222222
A25: T2 (s) | B25: 6 | D25: Distance (Km) | E25: =+G43 -> 27
A26: T3 (s) | B26: 6 | D26: vitesse en (Km/h) | E26: 50
A27: T4 (s) | B27: 6 | D27: Temps de voyage (min) | E27: =E25/E26*60 -> 32.4
A28: Total 1 cycle (s) | B28: =SUM(B24:B27) -> 28 | D28: T1 (min) | E28: =E24 -> 6.2222222
A29: Efficience volume | B29: =60/80 -> 0.75 | D29: T2 (min) | E29: =E27 -> 32.4
A30: Efficience temps | B30: =80/60 -> 1.3333333 | D30: T3 (min) | E30: 5
A31: 1cycle efficient (s) | B31: =B28*B30 -> 37.333333 | D31: T4 (min) | E31: =E27 -> 32.4
A32: cycle / min | B32: =60/B31 -> 1.6071429 | D32: Total 1 cycle (min) | E32: =SUM(E28:E31) -> 76.022222
A33: cycle / heure | B33: =B32*60 -> 96.428571 | D33: Nombre de camions saturation | E33: =E32/E28 -> 12.217857
A34: Volume / heure (m3) | B34: =B33*B22 -> 96.428571 | D34: arrondi | E34: =ROUNDUP(E33,0) -> 13
A35: Volume / heure effecient (m3) | B35: =B34*B29 -> 72.321429 | D35: volume total des camions (m3) | E35: =E34*E20 -> 130
A36: Temps d'activité décimale | B36: =B19/B35 -> 0.6189037 | D36: nombre de tour/camion | E36: =B19/E35 -> 0.34430769
A37: Temps d'activité sexagésimal | B37: =B36/24 -> 0.025787654 | D37: arrondi | E37: =ROUNDUP(E36,0) -> 1
D38: Temps des camions (min) | E38: =E32*E39 -> 380.11111
D39: Nombre de camion nécessaire | E39: =ROUNDUP(B19/E20,0) -> 5
D40: Temps des camions (H) | E40: =E38/60/24 -> 0.26396605
A41: FOURNITURE & SOUS-TRAITANCE | F41: Fournisseur
A42: désignation | B42: Qté | C42: Unité | D42: P.U. | E42: Total | F42: Qui? | G42: Distance chantier | H42: Nbre de tours/jour
A43: centre de recyclage | B43: =B19*E19 -> 111.9 | C43: T | D43: 3 | E43: =B43*D43 -> 335.7 | F43: PSI? 570 RUE DE PEYRHITTE 65300 LANNEMEZAN | G43: 27 | H43: 5
D44: =IF(A44="","",VLOOKUP(A44,$O$3:$P$13,2,FALSE)) | E44: =IF(A44="","",B44*D44)

Sheet 7.sciage de chaussé
A1: Chantier | D1: Tâche
A2: BARBAZAN | D2: SCIAGE DE CHAUSSEE A LA SCIE HYDRAULIQUE
A3: Tache immédiatement antécédante | E3: Quantité | F3: Unité | G3: Rendement | H3: durée
E4: 300 | F4: ml | G4: 60ml/h | H4: =B19 -> 0.20833333
A5: Descriptif (source CCTP bordereau …)
A6: Ce prix rémunère au mètre linéaire le sciage de chaussée à la scie hydraulique sur 0.20m de profondeur. Il comprend le sciage, le chargement, le transport et le déchargement des produits dans un dépôt proposé par l'entrepreneur et agréé par le maître d'oeuvre.
A7: Matériel | E7: Main d'œuvre
A8: désignation | B8: Qté | C8: affectation tâche | E8: désignation | F8: Quantité | G8: affectation tâche
A9: scie à sol | B9: 1 | C9: découpe l'ancienne chaussée | E9: manœuvre | F9: 1 | G9: utilise la scie à sol
A11: Description du mode opératoire
A12: un homme utilise la scie à sol pour découper la chaussée sur 20cm de profondeur sur les endroits choisis.
A13: Calcul de rendement, métré de fourniture, calcul de temps de transport, nombre de tours
A14: Donnée | B14: Quantité
A15: Metre linéraire | B15: =E4 -> 300
A16: Scie à sol
A17: Vitesse (m/min) | B17: 1
A18: Temps de découpe (min) | B18: =B17*B15 -> 300
B19: =B18/60/24 -> 0.20833333
A20: rdm | B20: =300/5 -> 60
A25: FOURNITURE & SOUS-TRAITANCE | F25: Fournisseur
A26: désignation | B26: Qté | C26: Unité | D26: P.U. | E26: Total | F26: Qui? | G26: Distance chantier | H26: Nbre de tours/jour
D28: =IF(A28="","",VLOOKUP(A28,$O$3:$P$12,2,FALSE)) | E28: =IF(A28="","",B28*D28)

Sheet 8.rabottage
A1: Chantier | D1: Tâche
A2: BARBAZAN | D2: RABOTAGE DE CHAUSSEE
A3: Tache immédiatement antécédante | E3: Quantité | F3: Unité | G3: Rendement | H3: durée
E4: 263.52 | F4: m2 | G4: 10m2/min | H4: =E19 -> 0.021772222
A5: Descriptif (source CCTP bordereau …)
A6: Ce prix rémunère au mètre carré de surface effective le rabotage de chaussée. Il comprend le rabotage du revêtement existant sur une épaisseur jusqu'à 6 cm, l'extraction des matériaux, leur évacuation à la décharge ou la mise en dépôt provisoire.
A7: Matériel | E7: Main d'œuvre
A8: désignation | B8: Qté | C8: affectation tâche | E8: désignation | F8: Quantité | G8: affectation tâche
A9: Fraiseuse à froid 200 i | B9: 1 | C9: rabote l'ancienne chaussée
A10: camion 25t | B10: 2 | C10: suit rabotteuse + évacuation
A11: Description du mode opératoire
A12: La fraiseuse à froid va rabotter la zone définie, un camion sera devant pour récupérer les déchets par la rampe. Une fois remplie, le camion plein par pour la déchetterie, et un autre prend sa place.
A15: Calcul de rendement, métré de fourniture, calcul de temps de transport, nombre de tours
A16: Donnée | B16: Quantité | D16: Donnée | E16: Quantité
A17: dimension chaussée | D17: temps changement de camion (min) | E17: 5
A18: surface | B18: =E4 -> 263.52 | E18: =E17/60/24 -> 0.0034722222
A19: ep | B19: 0.06 | D19: temps total | E19: =E18+B29 -> 0.021772222
A20: volume | B20: =B19*B18 -> 15.8112
A21: densité | B21: 2.5
A22: Tonne | B22: =B21*B20 -> 39.528
A23: raboteuse
A24: vitesse (m/min) | B24: 5
A25: largeur de fraisage (m) | B25: 2
A26: Rdmt (m2/min) | B26: =B25*B24 -> 10
A27: m3/min | B27: =B26*B19 -> 0.6
A28: temps rabotage (min) | B28: =B18/B26 -> 26.352
B29: =B28/60/24 -> 0.0183
A30: Camion
A31: capacité (t) | B31: 25
A32: en m3 | B32: =B31/B21 -> 10
A33: nombre de camion nec | B33: =B20/B32 -> 1.58112
A34: arrondi | B34: =ROUNDUP(B33,0) -> 2
A35: Temps remplissage camion N°1 | B35: =B32/B27 -> 16.666667
B36: =B35/60/24 -> 0.011574074
A37: Temps remplissage camion N°2 | B37: =B29-B36 -> 0.0067259259
A38: FOURNITURE & SOUS-TRAITANCE | F38: Fournisseur
A39: désignation | B39: Qté | C39: Unité | D39: P.U. | E39: Total | F39: Qui? | G39: Distance chantier | H39: Nbre de tours/jour
A40: centre de recyclage | B40: =B22 -> 39.528 | C40: t | D40: 3 | E40: =B40*D40 -> 118.584 | F40: PSI? 570 RUE DE PEYRHITTE 65300 LANNEMEZAN | G40: 27 | H40: 1
D41: =IF(A41="","",VLOOKUP(A41,$O$3:$P$13,2,FALSE)) | E41: =IF(A41="","",B41*D41)

Sheet 9.démolition trottoir illot
A1: Chantier | D1: Tâche
A2: BARBAZAN | D2: DEMOLITION DE TROTTOIRS OU D’ILOTS
A3: Tache immédiatement antécédante | E3: Quantité | F3: Unité | G3: Rendement | H3: durée
E4: 303.91 | F4: m2 | G4: 289m2/h | H4: =B37 -> 0.043773045
A5: =M24 -> 0
A6: Ce prix rémunère au mètre carré les travaux de démolition aux engins mécaniques de trottoirs béton ou d'ilots sur 0,20 m d'épaisseur, et l'évacuation des déblais.
A7: Matériel | E7: Main d'œuvre
A8: désignation | B8: Qté | C8: affectation tâche | E8: désignation | F8: Quantité | G8: affectation tâche
A9: camion 25t | B9: 5 | C9: évacuation déchet | E9: conducteur de pelle | F9: 1 | G9: décroute et transfert au camion les déchets
A10: pelle | B10: 1 | C10: décroute et transfert au camion les déchets
A11: Description du mode opératoire
A12: La pelle démolit les trottoirs et ilots présents sur l'emprise, puis transfert les déchets dans le camion. Le camion une fois remplis, part pour évacuer les déchets en centre de recyclage.
A15: Calcul de rendement, métré de fourniture, calcul de temps de transport, nombre de tours
A16: Donnée | B16: Quantité | D16: Donnée | E16: Quantité
A17: Surface | B17: =E4 -> 303.91 | D17: Transport
A18: epaisseur | B18: 0.2 | D18: Capacité (T) | E18: 25 | G18: rdm | H18: =E4/B36 -> 289.28571
A19: volume | B19: =B18*B17 -> 60.782 | D19: Densité | E19: 2.5
A20: Décroutage chaussée | D20: Capacité (m3) | E20: =E18/E19 -> 10
A21: Godet (L) | B21: 800 | D21: nb cycle remplissage | E21: =E20/B22 -> 12.5
A22: Godet (m3) | B22: =B21/1000 -> 0.8 | D22: Arrondi | E22: =ROUNDUP(E21,0) -> 13
A23: Nb godet nécessaire | B23: =B19/B22 -> 75.9775 | D23: Temps remplissage (s) | E23: =E22*B31 -> 485.33333
A24: T1 (s) | B24: 10 | D24: temps en minutes | E24: =E23/60 -> 8.0888889
A25: T2 (s) | B25: 6 | D25: Distance (Km) | E25: =G43 -> 8.2
A26: T3 (s) | B26: 6 | D26: vitesse en (Km/h) | E26: 50
A27: T4 (s) | B27: 6 | D27: Temps de voyage (min) | E27: =E25/E26*60 -> 9.84
A28: Total 1 cycle (s) | B28: =SUM(B24:B27) -> 28 | D28: T1 (min) | E28: =E24 -> 8.0888889
A29: Efficience volume | B29: =60/80 -> 0.75 | D29: T2 (min) | E29: =E27 -> 9.84
A30: Efficience temps | B30: =80/60 -> 1.3333333 | D30: T3 (min) | E30: 5
A31: 1cycle efficient (s) | B31: =B28*B30 -> 37.333333 | D31: T4 (min) | E31: =E27 -> 9.84
A32: cycle / min | B32: =60/B31 -> 1.6071429 | D32: Total 1 cycle (min) | E32: =SUM(E28:E31) -> 32.768889
A33: cycle / heure | B33: =B32*60 -> 96.428571 | D33: Nombre de camions saturation | E33: =E32/E28 -> 4.0510989
A34: Volume / heure (m3) | B34: =B33*B22 -> 77.142857 | D34: arrondi | E34: =ROUNDUP(E33,0) -> 5
A35: Volume / heure effecient (m3) | B35: =B34*B29 -> 57.857143 | D35: volume total des camions (m3) | E35: =E34*E20 -> 50
A36: Temps d'activité décimale | B36: =B19/B35 -> 1.0505531 | D36: nombre de tour/camion | E36: =B19/E35 -> 1.21564
A37: Temps d'activité sexagésimal | B37: =B36/24 -> 0.043773045 | D37: arrondi | E37: =ROUNDUP(E36,0) -> 2
D38: Temps des camions (min) | E38: =E32*E39 -> 229.38222
D39: Nombre de camion nécessaire | E39: =ROUNDUP(B19/E20,0) -> 7
D40: Temps des camions (H) | E40: =E38/60/24 -> 0.15929321
A41: FOURNITURE & SOUS-TRAITANCE | F41: Fournisseur
A42: désignation | B42: Qté | C42: Unité | D42: P.U. | E42: Total | F42: Qui? | G42: Distance chantier | H42: Nbre de tours/jour
A43: Centre de recyclage inertes | B43: =B19*E19 -> 151.955 | C43: t | D43: 3 | E43: =B43*D43 -> 455.865 | F43: COMMINGES METAUX SERVICES, 38 avenue de Saint Gaudens BP 29 - 31210 MONTREJEAU | G43: 8.2 | H43: 7
D44: =IF(A44="","",VLOOKUP(A44,$O$3:$P$13,2,FALSE)) | E44: =IF(A44="","",B44*D44)

Sheet 10.décapage terre végé
A1: Chantier | D1: Tâche
A2: BARBAZAN | D2: DECAPAGE TERRE VEGETALE
A3: Tache immédiatement antécédante | E3: Quantité | F3: Unité | G3: Rendement | H3: durée
E4: 3100 | F4: m2 | G4: 241m2/h | H4: =B37 -> 0.53580247
A5: Descriptif (source CCTP bordereau …)
A6: Ce prix rémunère au mètre carré le décapage de terre végétale. Il comprend : - l'enlèvement de la terre végétale sur 0.30 m d'épaisseur, - l'élimination des produits étrangers (grosses racines, pierres, déchets divers...), - le chargement, le transport, le déchargement et la mise en dépôt soit sur le chantier pour son éventuel réemploi, soit dans un lieu agrée par le maître d'oeuvre.
A7: Matériel | E7: Main d'œuvre
A8: désignation | B8: Qté | C8: affectation tâche | E8: désignation | F8: Quantité | G8: affectation tâche
A9: pelle | B9: 1 | C9: décapage et tranfert | E9: conducteur de pelle | F9: 1 | G9: conduit la pelle
A11: Description du mode opératoire
A12: La pelle décape les zones identifiées sur 0,30 m de profondeur. Elle met en stockage sur place la terre végétale pour une tache utlérieur.
A15: Calcul de rendement, métré de fourniture, calcul de temps de transport, nombre de tours
A16: Donnée | B16: Quantité | D16: Donnée | E16: Quantité
A17: Surface (m²) | B17: =E4 -> 3100 | D17: Transport
A18: Epaisseur (m) | B18: 0.3 | D18: Capacité (T) | E18: 26
A19: Volume (m3) | B19: =B17*B18 -> 930 | D19: Densité | E19: 1.5
A20: Déblais Terre végétale | D20: Capacité (m3) | E20: =E18/E19 -> 17.333333
A21: Godet (L) | B21: 1000 | D21: nb cycle remplissage | E21: =E20/B22 -> 17.333333
A22: Godet (m3) | B22: =B21/1000 -> 1 | D22: Arrondi | E22: =ROUNDUP(E21,0) -> 18 | G22: rdm | H22: =E4/B36 -> 241.07143
A23: Nb cycle nécessaire | B23: =B19/B22 -> 930 | D23: Temps remplissage (s) | E23: =E22*B31 -> 672
A24: T1 (s) | B24: 10 | D24: temps en minutes | E24: =E23/60 -> 11.2
A25: T2 (s) | B25: 6 | D25: Distance (Km) | E25: 1
A26: T3 (s) | B26: 6 | D26: vitesse en (Km/h) | E26: 30
A27: T4 (s) | B27: 6 | D27: Temps de voyage (min) | E27: =E25/E26*60 -> 2
A28: Total 1 cycle (s) | B28: =SUM(B24:B27) -> 28 | D28: T1 (min) | E28: =E24 -> 11.2
A29: Efficience volume | B29: =60/80 -> 0.75 | D29: T2 (min) | E29: =E27 -> 2
A30: Efficience temps | B30: =80/60 -> 1.3333333 | D30: T3 (min) | E30: 2
A31: 1cycle efficient (s) | B31: =B28*B30 -> 37.333333 | D31: T4 (min) | E31: =E27 -> 2
A32: cycle / min | B32: =60/B31 -> 1.6071429 | D32: Total 1 cycle (min) | E32: =SUM(E28:E31) -> 17.2
A33: cycle / heure | B33: =B32*60 -> 96.428571 | D33: Nombre de camions saturation | E33: =E32/E28 -> 1.5357143
A34: Volume / heure (m3) | B34: =B33*B22 -> 96.428571 | D34: arrondi | E34: =ROUNDUP(E33,0) -> 2
A35: Volume / heure effecient (m3) | B35: =B34*B29 -> 72.321429 | D35: volume total des camions (m3) | E35: =E34*E20 -> 34.666667
A36: Temps (h) d'activité décimale | B36: =B19/B35 -> 12.859259 | D36: nombre de tour/camion | E36: =B19/E35 -> 26.826923
A37: Temps (h) d'activité sexagésimal | B37: =B36/24 -> 0.53580247 | D37: arrondi | E37: =ROUNDUP(E36,0) -> 27
D38: Temps des camions (min) | E38: =E37*E32*E34 -> 928.8
D39: Nombre de camion nécessaire | E39: =ROUNDUP(B19/E20,0) -> 54
D40: Temps des camions (H) | E40: =E38/60/24 -> 0.645
A41: FOURNITURE & SOUS-TRAITANCE | F41: Fournisseur
A42: désignation | B42: Qté | C42: Unité | D42: P.U. | E42: Total | F42: Qui? | G42: Distance chantier | H42: Nbre de tours/jour
A43: stockage sur place | B43: =B19*E19 -> 1395 | C43: t
D44: =IF(A44="","",VLOOKUP(A44,$O$3:$P$13,2,FALSE)) | E44: =IF(A44="","",B44*D44)

Sheet 11.remblai d'apport
A1: Chantier | D1: Tâche
A2: BARBAZAN | D2: REMBLAIS D’EMPRUNT
A3: Tache immédiatement antécédante | E3: Quantité | F3: Unité | G3: Rendement | H3: durée
E4: 1500 | F4: m3 | G4: 17,45m3/h | H4: 85h56min25s
A5: Descriptif (source CCTP bordereau …)
A6: Ce prix rémunère le mètre cube en oeuvre de remblais d'emprunt ayant un coefficient de frottement interne phi au moins égal à 35 degrés. Il comprend, conformément au CCTP, la fourniture et le transport du matériau, le réglage en couches d'épaisseur conforme aux exigences du marché, l'arrosage et la scarification dans les conditions définies dans le marché, le compactage jusqu'à obtention des exigences prévues au C.C.T.P., le réglage de la plate-forme et des talus au profil définitif y compris l'évacuation des terres excédentaires, la protection de la plate-forme et des talus contre les eaux de ruissellement y compris l'exécution et l'entretien des ouvrages correspondants. Comprend les deux couches de GNT (0/20 et 0/80).
A7: Matériel | E7: Main d'œuvre
A8: désignation | B8: Qté | C8: affectation tâche | E8: désignation | F8: Quantité | G8: affectation tâche
A9: pelle | B9: 1 | C9: réglage | E9: chauffeur d'engin | F9: 2 | G9: conduit pellet et compacteur
A10: camion | B10: 6 | C10: apport matériau | E10: chauffeur camion | F10: 6 | G10: allez retour pour matériaux
A11: compacteur | B11: 1 | C11: compactage | E11: chef de chantier | F11: 1 | G11: conduit l'atelier
A13: Description du mode opératoire
A14: Un camion arrive sur chantier avec les matériaux, et déverse sur la zone indiqué. La pelle répartie et règle les matériaux. Le compacteur viens compacter le sol. une première couche de 0/80 est à mettre pincipalement sur les accotements (environ 0,40m) et une autre couche de 0/20 est à répartir entre la chaussée (0,10m), la chaussée en giratoire (0,10m), les trottoirs (0,80m) et les ilots (0,15m).
A18: Calcul de rendement, métré de fourniture, calcul de temps de transport, nombre de tours
A19: Donnée | B19: Quantité | C19: Donnée | D19: Quantité | E19: Donnée2 | F19: Quantité3 | G19: Donnée3 | H19: Quantité33
A20: Transport | C20: Mise en place granulat | E20: Compactage | F20: 0/80 | G20: Compactage | H20: 0/20
A21: Capacité (T) | B21: 26 | C21: Godet (L) | D21: 1000 | E21: mise en place des remblais | G21: mise en place des remblais
A22: Densité | B22: 1.8 | C22: Godet (m3) | D22: =D21/1000 -> 1 | E22: Hauteur (m) | F22: 0.4 | G22: Hauteur (m) | H22: =0.2 -> 0.2
A23: Capacité (m3) | B23: =B21/B22 -> 14.444444 | C23: largeur de bras (m) | D23: 1.5 | E23: TV 0/80 D3 epaisseur | F23: 0.3 | G23: GNT 0/20 D3 epaisseur | H23: 0.3
A24: Surface (m2) | B24: 4560.83 | C24: longueur de bras (m) | D24: 4.5 | E24: TV 0/80 D3 nb de passe | F24: 6 | G24: GNT 0/20 D3 nb de passe | H24: 6
A25: Volume (m3) | B25: =E4 -> 1500 | C25: Largeur de travail (m2) | D25: =D24*D23 -> 6.75 | E25: TV 0/80 D3 vitesse | F25: 2 | G25: GNT 0/20 D3 vitesse | H25: 2
A26: Distance (Km) | B26: =+G48 -> 9.6 | C26: 2 temps de réglage | E26: nombre de couche | F26: =ROUNDUP(F22/F23,0) -> 2 | G26: nombre de couche | H26: =ROUNDUP(H22/H23,0) -> 1
A27: vitesse en (Km/h) | B27: 60 | C27: T1 réglage grossier (s) | D27: 8 | E27: Compacteur | G27: Compacteur
A28: Temps de voyage (min) | B28: =B26/B27*60 -> 9.6 | C28: T1 réglage fin (s) | D28: 15 | E28: largeur moy | F28: 2 | G28: largeur moy | H28: 8
A29: T1 (min) (remplissage) | B29: 5 | C29: T2 retour (s) | D29: 4 | E29: longueur | F29: =118.37+128.13+92.7+110.37 -> 449.57 | G29: longueur | H29: =118.37+128.13+92.7+110.37 -> 449.57
A30: T2 (min) (allez) | B30: =B28 -> 9.6 | C30: Total grossier | D30: =D29+D27 -> 12 | E30: Largeur compacteur (m) | F30: 2.134 | G30: Largeur compacteur (m) | H30: 2.134
A31: T3 (min) (pose) | B31: 5 | C31: total fin | D31: =D29+D28 -> 19 | E31: Nombre de passage/largeur | F31: =ROUNDUP(1.5/F30,0) -> 1 | G31: Nombre de passage/largeur | H31: =ROUNDUP(H28/H30,0) -> 4
A32: T4 (min) (retour) | B32: =B28 -> 9.6 | C32: nb réglage grossier | D32: 3 | E32: compactage | G32: compactage
A33: Total 1 cycle (min) | B33: =SUM(B29:B32) -> 29.2 | C33: nb réglage fin | D33: 2 | E33: Q3 | G33: Q3
A34: Nombre de camions saturation | B34: =B33/B29 -> 5.84 | C34: nb total réglage | D34: =D33+D32 -> 5 | E34: Nombre de passage compacteur | F34: =F31*F24*F26 -> 12 | G34: Nombre de passage compacteur | H34: =H31*H24*H26 -> 24
A35: arrondi | B35: =ROUNDUP(B34,0) -> 6 | C35: temps total grossier | D35: =D30*D32 -> 36 | E35: nombre de metre linéaire | F35: =F34*F29 -> 5394.84 | G35: nombre de metre linéaire | H35: =H34*H29 -> 10789.68
A36: Nombre de camion nécessaire | B36: =ROUNDUP(B25/B23,0) -> 104 | C36: temps total fin | D36: =D31*D33 -> 38 | E36: temps de passage | F36: =F35/(F25*1000)/24 -> 0.1123925 | G36: temps de passage | H36: =H35/(H25*1000)/24 -> 0.224785
A37: volume total des camions (m3) | B37: =B35*B23 -> 86.666667 | C37: temps total (s) | D37: =D36+D35 -> 74 | E37: Facteur de difficulté | F37: 1.15 | G37: Facteur de difficulté | H37: 1.15
A38: nombre de tour/camion | B38: =B25/B37 -> 17.307692 | C38: efficience temps | D38: =8/6 -> 1.3333333 | E38: Temps de passage efficient | F38: =F36*F37 -> 0.12925138 | G38: Temps de passage efficient | H38: =H36*H37 -> 0.25850275
A39: arrondi | B39: =ROUNDUP(B38,0) -> 18 | C39: coefficient difficulté | D39: =1.3 -> 1.3
A40: Temps des camions (min) | B40: =B39*B33*B35 -> 3153.6 | C40: temps réglage eff (s/largeur de travail m2) | D40: =D38*D37 -> 98.666667 | E40: Volume 0/80 | F40: =F22*F29*F28 -> 359.656 | G40: volume 0/20 | H40: =H29*H28*H22 -> 719.312
A41: Temps des camions (H) | B41: =B40/60/24 -> 2.19 | C41: temps réglage coef | D41: =D40*D39 -> 128.26667 | E41: tonne | F41: =F40*B22 -> 647.3808 | G41: tonne | H41: =H40*B22 -> 1294.7616
C42: temps réglage total terrain (s) | D42: =B24/D25*D41 -> 86667.031 | G42: Temps total | H42: =F38+H38+D44+B41 -> 3.5808448
C43: (h) | D43: =D42/3600 -> 24.074175 | G43: nb jours | H43: =H42/8*24 -> 10.742534
D44: =D43/24 -> 1.0030906 | G44: rendement atelier | H44: =B25/(H42*24) -> 17.453982
C45: rendement (s/m2) | D45: =D42/B24 -> 19.002469
A46: FOURNITURE & SOUS-TRAITANCE | F46: Fournisseur
A47: désignation | B47: Qté | C47: Unité | D47: P.U. | E47: Total | F47: Qui? | G47: Distance chantier | H47: Nbre de tours/jour
A48: GNT 0/20 | B48: =H41 -> 1294.7616 | C48: T | D48: 12.57 | E48: =D48*B48 -> 16275.153 | F48: Sablières de Saléchan - ABCVL La Gerle, Gouasquet, 65370 Saléchan 05 62 99 39 80 | G48: 9.6 | H48: 18
A49: GNT 0/80 | B49: =F41 -> 647.3808 | C49: T | D49: 9.73 | E49: =IF(A49="","",B49*D49) -> 6299.0152 | F49: IDEM | G49: IDEM

Sheet 12.couche de reprofilage
A1: Chantier | D1: Tâche
A2: BARBAZAN | D2: COUCHE DE REPROFILAGE EN GRAVE BITUME CLASSE 2
A3: Tache immédiatement antécédante | E3: Quantité | F3: Unité | G3: Rendement | H3: durée
E4: 306.153 | F4: T | G4: 24T/H | H4: 12h
A5: Descriptif (source CCTP bordereau …)
A6: Ce prix rémunère à la tonne mesurée en place, l'exécution d'une couche de reprofilage en grave bitume de classe 2. Il comprend la fourniture, le chargement, le transport, le déchargement au lieu d'emploi, la mise en oeuvre, le réglage, le compactage et les essais d'atelier de compactage, définis au CCTP.
A7: Matériel | E7: Main d'œuvre
A8: désignation | B8: Qté | C8: affectation tâche | E8: désignation | F8: Quantité | G8: affectation tâche
A9: niveleuse | B9: 1 | E9: conducteur d'engin | F9: 5
A10: compacteur | B10: 1 | E10: chef de chantier | F10: 1
A11: camion | B11: 4
A12: Description du mode opératoire
A13: Un camion arrive et déverse la grave bitume sur la zone indiqué. La niveleuse met à niveau la GB. Le compacteur compacte de la façon attendu.
A16: Calcul de rendement, métré de fourniture, calcul de temps de transport, nombre de tours
A17: Donnée | B17: Quantité | D17: Donnée | E17: Quantité | G17: Donnée | H17: Quantité
A18: Transport | D18: Niveleuse | G18: Compactage
A19: Capacité (T) | B19: 26 | D19: Largeur de lame (m) | E19: 3.7 | G19: mise en place des remblais
A20: Densité | B20: 2.5 | D20: largeur de travail (m) | E20: =ROUND(E19*SIN(RADIANS(E21)),2) -> 2.62 | G20: Hauteur (m) | H20: =B22 -> 0.04
A21: Capacité (m3) | B21: =B19/B20 -> 10.4 | D21: Degré de rotation de lame (°) | E21: 45 | G21: D3 epaisseur | H21: 0.3
A22: ep | B22: 0.04 | D22: Vitesse de travail (m/h) | E22: =2*1000 -> 2000 | G22: D3 nb de passe | H22: 6
A23: Volume (m3) | B23: =B24/B20 -> 122.4612 | D23: Vitesse de recul (m/h) | E23: =30*1000 -> 30000 | G23: D3 vitesse | H23: 2
A24: Tonnage (T) | B24: =E4 -> 306.153 | D24: nb total bande | E24: =ROUNDUP(B44/E20,0) -> 3 | G24: nombre de couche | H24: =ROUNDUP(H20/H21,0) -> 1
A25: Distance (Km) | B25: =G48 -> 16.6 | D25: metre linéaire total | E25: =B45*E24 -> 1348.71 | G25: Compacteur
A26: vitesse en (Km/h) | B26: 60 | D26: Efficience | E26: =8/6 -> 1.3333333 | G26: Largeur compacteur (m) | H26: 2.134
A27: Temps de voyage (min) | B27: =B25/B26*60 -> 16.6 | D27: réglage grossier | E27: =3 -> 3 | G27: Nombre de passage/largeur | H27: =ROUNDUP(B44/H26,0) -> 4
A28: T1 (min) (remplissage) | B28: 5 | D28: réglagle fin | E28: 2 | G28: compactage
A29: T2 (min) (allez) | B29: =B27 -> 16.6 | D29: Mètre linéaire marche avant | E29: =(E27+E28)*E25 -> 6743.55 | G29: Q3
A30: T3 (min) (pose) | B30: 5 | D30: Mètre linéaire marche arrière | E30: =E29 -> 6743.55 | G30: Nombre de passage compacteur | H30: =H27*H22*H24 -> 24
A31: T4 (min) (retour) | B31: =B27 -> 16.6 | D31: temps de travail (h) | E31: =E29/E22 -> 3.371775 | G31: nombre de metre linéaire | H31: =H30*B45 -> 10789.68
A32: Total 1 cycle (min) | B32: =SUM(B28:B31) -> 43.2 | D32: temps de recul (h) | E32: =E30/E23 -> 0.224785 | G32: temps de passage | H32: =H31/(H23*1000)/24 -> 0.224785
A33: Nombre de camions saturation | B33: =B32/B28 -> 8.64 | D33: Temps de travail efficient (h) | E33: =((E31+E32)*E26) -> 4.7954133 | G33: Facteur de difficulté | H33: 1.15
A34: arrondi | B34: =ROUNDUP(B33,0) -> 9 | D34: coeffficient de difficulté | E34: 1.3 | G34: Temps de passage efficient | H34: =H32*H33 -> 0.25850275
A35: Nombre de camion nécessaire | B35: =ROUNDUP(B23/B21,0) -> 12 | D35: temps avec coef difficulté (h) | E35: =E33*E34 -> 6.2340373
A36: Nombre de camion choisi | B36: 4 | E36: =E35/24 -> 0.25975156 | G36: Temps total | H36: =H34+E36 -> 0.51825431
A37: volume total des camions (m3) | B37: =B34*B21 -> 93.6 | D37: rendement à l'heure (m²/h) | E37: =(B23/B22)/E35 -> 491.09908 | G37: nb jours | H37: =H36/8*24 -> 1.5547629
A38: nombre de tour/camion | B38: =B23/B37 -> 1.3083462 | D38: rendement à l'heure (s/m²) | E38: =E35/(B23/B22)*3600 -> 7.3304963 | G38: rendement atelier | H38: =E4/12.5 -> 24.49224
A39: arrondi | B39: =ROUNDUP(B38,0) -> 2
A40: choisi | B40: 3
A41: Temps des camions (min) | B41: =B40*B32*B36 -> 518.4
A42: Temps des camions (H) | B42: =B41/60/24 -> 0.36
A43: dimension
A44: largeur moy | B44: 7
A45: longueur | B45: =118.37+128.13+92.7+110.37 -> 449.57
A46: FOURNITURE & SOUS-TRAITANCE | F46: Fournisseur
A47: désignation | B47: Qté | C47: Unité | D47: P.U. | E47: Total | F47: Qui? | G47: Distance chantier | H47: Nbre de tours/jour
A48: grave bitume classe 2 | B48: =E4 -> 306.153 | C48: t | D48: =49 -> 49 | E48: =D48*B48 -> 15001.497 | F48: Enrobés Toulouse 356-355, Cédé, 31800 Villeneuve-de-Rivière 0561953331 | G48: 16.6
D49: =IF(A49="","",VLOOKUP(A49,$O$3:$P$14,2,FALSE)) | E49: =IF(A49="","",B49*D49)

Sheet 13.couche de fondation
A1: Chantier | D1: Tâche
A2: BARBAZAN | D2: COUCHE DE FONDATION EN GRAVE BITUME CLASSE 3 EP=12 CM
A3: Tache immédiatement antécédante | E3: Quantité | F3: Unité | G3: Rendement | H3: durée
E4: 1836.918 | F4: T | G4: 24T/H | H4: =H38 -> 3.1965086
A5: Descriptif (source CCTP bordereau …)
A6: Ce prix rémunère à la tonne mesurée en place, l'exécution d'une couche de fondation en grave bitume de classe 3. Il comprend la fourniture, le chargement, le transport, le déchargement au lieu d'emploi, la mise en oeuvre, le réglage, le compactage et les essais d'atelier de compactage, définis au CCTP.
A7: Matériel | E7: Main d'œuvre
A8: désignation | B8: Qté | C8: affectation tâche | E8: désignation | F8: Quantité | G8: affectation tâche
A9: niveleuse | B9: 1 | E9: conducteur d'engin | F9: 12
A10: compacteur | B10: 1 | E10: chef de chantier | F10: 1
A11: camion | B11: 9
A12: Description du mode opératoire
A13: Un camion arrive et déverse la grave bitume sur la zone indiqué. La niveleuse met à niveau la GB. Le compacteur compacte de la façon attendu.
A16: Calcul de rendement, métré de fourniture, calcul de temps de transport, nombre de tours
A17: Donnée | B17: Quantité | D17: Donnée | E17: Quantité | G17: Donnée | H17: Quantité
A18: Transport | D18: Niveleuse | G18: Compactage
A19: Capacité (T) | B19: 26 | D19: Largeur de lame (m) | E19: 3.7 | G19: mise en place des remblais
A20: Densité | B20: 2.5 | D20: largeur de travail (m) | E20: =ROUND(E19*SIN(RADIANS(E21)),2) -> 2.62 | G20: Hauteur (m) | H20: 0.12
A21: Capacité (m3) | B21: =B19/B20 -> 10.4 | D21: Degré de rotation de lame (°) | E21: 45 | G21: D3 epaisseur | H21: 0.3
A22: ep | B22: 0.24 | D22: Vitesse de travail (m/h) | E22: =2*1000 -> 2000 | G22: D3 nb de passe | H22: 6
A23: Volume (m3) | B23: =B24/B20 -> 734.7672 | D23: Vitesse de recul (m/h) | E23: =30*1000 -> 30000 | G23: D3 vitesse | H23: 2
A24: Tonnage (T) | B24: =E4 -> 1836.918 | D24: nb total bande | E24: =ROUNDUP(B44/E20,0) -> 3 | G24: nombre de couche | H24: =ROUNDUP(H20/H21,0) -> 1
A25: Distance (Km) | B25: =G48 -> 16.6 | D25: metre linéaire total | E25: =B45*E24 -> 1348.71 | G25: Compacteur
A26: vitesse en (Km/h) | B26: 60 | D26: Efficience | E26: =8/6 -> 1.3333333 | G26: Largeur compacteur (m) | H26: 2.134
A27: Temps de voyage (min) | B27: =B25/B26*60 -> 16.6 | D27: réglage grossier | E27: =3 -> 3 | G27: Nombre de passage/largeur | H27: =ROUNDUP(B44/H26,0) -> 4
A28: T1 (min) (remplissage) | B28: 5 | D28: réglagle fin | E28: 2 | G28: compactage
A29: T2 (min) (allez) | B29: =B27 -> 16.6 | D29: Mètre linéaire marche avant | E29: =(E27+E28)*E25 -> 6743.55 | G29: Q3
A30: T3 (min) (pose) | B30: 5 | D30: Mètre linéaire marche arrière | E30: =E29 -> 6743.55 | G30: Nombre de passage compacteur | H30: =H27*H22*H24 -> 24
A31: T4 (min) (retour) | B31: =B27 -> 16.6 | D31: temps de travail (h) | E31: =E29/E22 -> 3.371775 | G31: nombre de metre linéaire | H31: =H30*B45 -> 10789.68
A32: Total 1 cycle (min) | B32: =SUM(B28:B31) -> 43.2 | D32: temps de recul (h) | E32: =E30/E23 -> 0.224785 | G32: temps de passage | H32: =H31/(H23*1000)/24 -> 0.224785
A33: Nombre de camions saturation | B33: =B32/B28 -> 8.64 | D33: Temps de travail efficient (h) | E33: =((E31+E32)*E26) -> 4.7954133 | G33: Facteur de difficulté | H33: 1.15
A34: arrondi | B34: =ROUNDUP(B33,0) -> 9 | D34: coeffficient de difficulté | E34: 1.3 | G34: Temps de passage efficient | H34: =H32*H33 -> 0.25850275
A35: Nombre de camion nécessaire | B35: =ROUNDUP(B23/B21,0) -> 71 | D35: temps avec coef difficulté (h) | E35: =E33*E34 -> 6.2340373 | G35: temps pour les 2 couches | H35: =H34*2 -> 0.5170055
A36: Nombre de camion choisi | B36: 9 | E36: =E35/24 -> 0.25975156
A37: volume total des camions (m3) | B37: =B34*B21 -> 93.6 | D37: temps pour les deux couches | E37: =E35*2 -> 12.468075
A38: nombre de tour/camion | B38: =B23/B37 -> 7.8500769 | E38: =E36*2 -> 0.51950311 | G38: Temps total | H38: =H35+E38+B42 -> 3.1965086
A39: arrondi | B39: =ROUNDUP(B38,0) -> 8 | D39: rendement à l'heure (m²/h) | E39: =(B23/B22)/E37 -> 245.54954 | G39: nb jours | H39: =H38/8*24 -> 9.5895258
A40: choisi | B40: 8 | D40: rendement à l'heure (s/m²) | E40: =E37/(B23/B22)*3600 -> 14.660993 | G40: rendement atelier | H40: =E4/76.5 -> 24.012
A41: Temps des camions (min) | B41: =B40*B32*B36 -> 3110.4
A42: Temps des camions (H) | B42: =B41/60/24 -> 2.16
A43: dimension
A44: largeur moy | B44: 7
A45: longueur | B45: =118.37+128.13+92.7+110.37 -> 449.57
A46: FOURNITURE & SOUS-TRAITANCE | F46: Fournisseur
A47: désignation | B47: Qté | C47: Unité | D47: P.U. | E47: Total | F47: Qui? | G47: Distance chantier | H47: Nbre de tours/jour
A48: grave bitume classe 3 | B48: =E4 -> 1836.918 | C48: t | D48: 50 | E48: =D48*B48 -> 91845.9 | F48: Enrobés Toulouse 356-355, Cédé, 31800 Villeneuve-de-Rivière 0561953331 | G48: 16.6 | H48: 6
D49: =IF(A49="","",VLOOKUP(A49,$O$3:$P$14,2,FALSE)) | E49: =IF(A49="","",B49*D49)

Sheet 14.couche de réglage
A1: Chantier | D1: Tâche
A2: BARBAZAN | D2: COUCHE DE REGLAGE GRAVES CONCASSEES 0/20 EP. 10 CM
A3: Tache immédiatement antécédante | E3: Quantité | F3: Unité | G3: Rendement | H3: durée
E4: 306.153 | F4: M3 | G4: 10,35m3/h | H4: =H38 -> 1.2382543
A5: Descriptif (source CCTP bordereau …)
A6: Ce prix rémunère au mètre cube mesuré en place, l'exécution d'une couche de réglage en graves concassées 0/20 de 0.10 m moyen. Il comprend la fourniture des matériaux, le chargement, le transport, la mise en oeuvre, le réglage, le compactage, les essais de l'atelier de compactage, la fourniture et le transport de l'eau d'arrosage et l'arrosage.
A7: Matériel | E7: Main d'œuvre
A8: désignation | B8: Qté | C8: affectation tâche | E8: désignation | F8: Quantité | G8: affectation tâche
A9: niveleuse | B9: 1 | E9: conducteur d'engin | F9: 7
A10: compacteur | B10: 1 | E10: chef de chantier | F10: 1
A11: camion | B11: 6
A12: Description du mode opératoire
A13: Un camion arrive et déverse la grave bitume sur la zone indiqué. La niveleuse met à niveau la GB. Le compacteur compacte de la façon attendu.
A16: Calcul de rendement, métré de fourniture, calcul de temps de transport, nombre de tours
A17: Donnée | B17: Quantité | D17: Donnée | E17: Quantité | G17: Donnée | H17: Quantité
A18: Transport | D18: Niveleuse | G18: Compactage | H18: 0/20
A19: Capacité (T) | B19: 26 | D19: Largeur de lame (m) | E19: 3.7 | G19: mise en place des remblais
A20: Densité | B20: 1.8 | D20: largeur de travail (m) | E20: =ROUND(E19*SIN(RADIANS(E21)),2) -> 2.62 | G20: Hauteur (m) | H20: 0.1
A21: Capacité (m3) | B21: =B19/B20 -> 14.444444 | D21: Degré de rotation de lame (°) | E21: 45 | G21: GNT 0/20 D3 epaisseur | H21: 0.3
A22: ep | B22: 0.1 | D22: Vitesse de travail (m/h) | E22: =2*1000 -> 2000 | G22: GNT 0/20 D3 nb de passe | H22: 6
A23: Volume (m3) | B23: =306.153 -> 306.153 | D23: Vitesse de recul (m/h) | E23: =30*1000 -> 30000 | G23: GNT 0/20 D3 vitesse | H23: 2
A24: Tonnage (T) | B24: =B23*1.8 -> 551.0754 | D24: nb total bande | E24: =ROUNDUP(B44/E20,0) -> 3 | G24: nombre de couche | H24: =ROUNDUP(H20/H21,0) -> 1
A25: Distance (Km) | B25: =G48 -> 16.6 | D25: metre linéaire total | E25: =B45*E24 -> 1348.71 | G25: Compacteur
A26: vitesse en (Km/h) | B26: 60 | D26: Efficience | E26: =8/6 -> 1.3333333 | G26: largeur moy | H26: 8
A27: Temps de voyage (min) | B27: =B25/B26*60 -> 16.6 | D27: réglage grossier | E27: =3 -> 3 | G27: longueur | H27: =118.37+128.13+92.7+110.37 -> 449.57
A28: T1 (min) (remplissage) | B28: 5 | D28: réglagle fin | E28: 2 | G28: Largeur compacteur (m) | H28: 2.134
A29: T2 (min) (allez) | B29: =B27 -> 16.6 | D29: Mètre linéaire marche avant | E29: =(E27+E28)*E25 -> 6743.55 | G29: Nombre de passage/largeur | H29: =ROUNDUP(H26/H28,0) -> 4
A30: T3 (min) (pose) | B30: 5 | D30: Mètre linéaire marche arrière | E30: =E29 -> 6743.55 | G30: compactage
A31: T4 (min) (retour) | B31: =B27 -> 16.6 | D31: temps de travail (h) | E31: =E29/E22 -> 3.371775 | G31: Q3
A32: Total 1 cycle (min) | B32: =SUM(B28:B31) -> 43.2 | D32: temps de recul (h) | E32: =E30/E23 -> 0.224785 | G32: Nombre de passage compacteur | H32: =H29*H22*H24 -> 24
A33: Nombre de camions saturation | B33: =B32/B28 -> 8.64 | D33: Temps de travail efficient (h) | E33: =((E31+E32)*E26) -> 4.7954133 | G33: nombre de metre linéaire | H33: =H32*H27 -> 10789.68
A34: arrondi | B34: =ROUNDUP(B33,0) -> 9 | D34: coeffficient de difficulté | E34: 1.3 | G34: temps de passage | H34: =H33/(H23*1000)/24 -> 0.224785
A35: Nombre de camion nécessaire | B35: =ROUNDUP(B23/B21,0) -> 22 | D35: temps avec coef difficulté (h) | E35: =E33*E34 -> 6.2340373 | G35: Facteur de difficulté | H35: 1.15
A36: Nombre de camion choisi | B36: 6 | E36: =E35/24 -> 0.25975156 | G36: Temps de passage efficient | H36: =H34*H35 -> 0.25850275
A37: volume total des camions (m3) | B37: =B34*B21 -> 130 | D37: rendement à l'heure (m²/h) | E37: =(B23/B22)/E35 -> 491.09908
A38: nombre de tour/camion | B38: =B23/B37 -> 2.3550231 | D38: rendement à l'heure (s/m²) | E38: =E35/(B23/B22)*3600 -> 7.3304963 | G38: Temps total | H38: =H36+E36+B42 -> 1.2382543
A39: arrondi | B39: =ROUNDUP(B38,0) -> 3 | G39: nb jours | H39: =H38/8*24 -> 3.7147629
A40: choisi | B40: 4 | G40: rendement atelier | H40: =E4/29.5 -> 10.378068
A41: Temps des camions (min) | B41: =B40*B32*B36 -> 1036.8
A42: Temps des camions (H) | B42: =B41/60/24 -> 0.72
A43: dimension
A44: largeur moy | B44: 7
A45: longueur | B45: =118.37+128.13+92.7+110.37 -> 449.57
A46: FOURNITURE & SOUS-TRAITANCE | F46: Fournisseur
A47: désignation | B47: Qté | C47: Unité | D47: P.U. | E47: Total | F47: Qui? | G47: Distance chantier | H47: Nbre de tours/jour
A48: grave bitume classe 3 | B48: =B24 -> 551.0754 | C48: t | D48: 50 | E48: =D48*B48 -> 27553.77 | F48: Enrobés Toulouse 356-355, Cédé, 31800 Villeneuve-de-Rivière 0561953331 | G48: 16.6
D49: =IF(A49="","",VLOOKUP(A49,$O$3:$P$14,2,FALSE)) | E49: =IF(A49="","",B49*D49)

Sheet 15.couche de roulement
A1: Chantier | D1: Tâche
A2: BARBAZAN | D2: COUCHE DE ROULEMENT EN BETON BITUMINEUX SEMI GRENU 0/14 DE CLASSE 3
A3: Tache immédiatement antécédante | E3: Quantité | F3: Unité | G3: Rendement | H3: durée
E4: 525.462 | F4: T | G4: 20,21T/h | H4: =H59 -> 1.0846435
A5: Descriptif (source CCTP bordereau …)
A6: Ce prix rémunère à la tonne mesurée en place, la réalisation d'une couche roulement en béton bitumineux semi grenu 0/14 de classe 3, dans les conditions fixées au C.C.T.P. Il comprend la fourniture, le transport, la mise en oeuvre, le réglage, le compactage, les essais d'atelier de compactage, ainsi que la réalisation si nécessaire du raccordement à la chaussée existante.
A7: Matériel | E7: Main d'œuvre
A8: désignation | B8: Qté | C8: affectation tâche | E8: désignation | F8: Quantité | G8: affectation tâche
A9: finisseur | B9: 1 | C9: place l'enrobé au sol | E9: conducteur finisseur | F9: 1 | G9: conduit finisseur
A10: bouille | B10: 1 | C10: dispose une couche d'accroche au sol | E10: conducteur épendeuse | F10: 1 | G10: conduit épendeuse
A11: compacteur tandem | B11: 1 | C11: compacte l'enrobé | E11: conducteur compacteur | F11: 1 | G11: conduit compacteur
A12: chargeuse | B12: 1 | C12: effectue des transferts d'enrobé | E12: conducteur chargeuse | F12: 1 | G12: conduit chargeuse
A13: camion d'enrobée | B13: 3 | C13: livre l'enrobé | E13: manœuvre | F13: 4 | G13: tire les bandes manuels le long des bords
A14: Description du mode opératoire
A15: Le camion arrive avec l'enrobé ont prépare une petite partit a la main afin de donné une base de départ au finisheur ensuite le camion se place a l'arriere du finnisheur et benne l'enrobé tout en suivant son avancé; le finisheur étale de manière régulière l'enrobé puis le compacteur passe plusieur fois afin de compacté et éffacé les traces.
A16: Calcul de rendement, métré de fourniture, calcul de temps de transport, nombre de tours
A17: Donnée | B17: Quantité | D17: Donnée | E17: Quantité | G17: Donnée | H17: Quantité
A18: Finisseur | D18: Finisseur | G18: Compactage
A19: largeur de table | B19: 5 | D19: Nombre de départ | E19: =B43+B45 -> 2.4 | G19: mise en place des remblais
A20: epaisseur enrobé | B20: 0.06 | D20: Temps par départ (s) | E20: 1 | G20: Hauteur (m) | H20: 0.06
A21: vitesse (m/min) avant | B21: 8 | D21: Total temps des départs (s) | E21: =(E20*E19)/3600/24 -> 2.7777778e-05 | G21: Enrobé bb 0/10 epaisseur | H21: 0.05
A22: vitesse (m/min) arriere | B22: 25 | D22: Nombre de marche arriere | E22: 0 | G22: Enrobé bb 0/10 nb de passe | H22: 4
A23: densité | B23: 2.5 | D23: distance marche arriere | E23: =E22*B44+B45*B27 -> 7 | G23: Enrobé bb 0/10 vitesse | H23: 4
A24: Semi contenance en T | B24: 25 | D24: temps total de recul | E24: =(E23/B22)/60/24 -> 0.00019444444 | G24: nombre de couche | H24: =ROUNDUP(H20/H21,0) -> 2
A25: vitesse du semi (km/h) | B25: 45 | G25: Compacteur
A26: Dimension du terrain | D26: Temps Total pour finisseur | E26: =E21+E24+B48 -> 0.34744444 | G26: Largeur compacteur (m) | H26: 2.134
A27: Largeur | B27: 7 | D27: Efficience | E27: =8/6 -> 1.3333333 | G27: Nombre de passage/largeur | H27: =ROUNDUP(B27/H26,0) -> 4
A28: Longueur | B28: 500 | D28: Temps Total pour finisseur efficient | E28: =E27*E26 -> 0.46325926 | G28: compactage
A29: Zone préparer à la main pour niveau | D29: Approvisionnement du finisseur | G29: Q3
A30: Longueur | B30: 5 | D30: distance chantier/central (km) | E30: 20 | G30: Nombre de passage compacteur | H30: =H27*H22*H24 -> 32
A31: Largeur | B31: 5 | D31: T1 - chargement central | E31: 20 | G31: nombre de metre linéaire | H31: =H30*B28 -> 16000
A32: largeur pour finisseur | B32: 5 | D32: T2 - aller sur chantier | E32: =E30*60/B25 -> 26.666667 | G32: temps de passage | H32: =H31/(H23*1000)/24 -> 0.16666667
A33: Enrobé | D33: T3 - déchargement | E33: =B24/B40 -> 4.1666667 | G33: Facteur de difficulté | H33: 1.15
A34: Volume total | B34: =B20*B28*B27 -> 210 | D34: T4 - retour à la central | E34: =E30*60/B25 -> 26.666667 | G34: Temps de passage efficient | H34: =H32*H33 -> 0.19166667
A35: Tonne | B35: 525.462 | D35: temps pour un cycle | E35: =SUM(E31:E34)/60/24 -> 0.053819444 | G35: Couche d'accroche émulsion | H35: 0.65
D36: Nombre de camion saturation | E36: =(E35/E33)*60*24 -> 18.6 | G36: couche liant (Kg/m2) | H36: 0.3
A37: Consommation des enrobés | D37: arrondi | E37: =ROUNDUP(E36,0) -> 19 | G37: en Kg | H37: =(H36*B27*B28) -> 1050
A38: m3 pour un ml | B38: =B19*B20*1 -> 0.3 | D38: volume total des camions (m3) | E38: =E37*B24 -> 475 | G38: en tonne | H38: =H37/1000 -> 1.05
A39: Tonnage/ml | B39: =B38*B23 -> 0.75 | D39: nombre de tour/camion | E39: =B34/E38 -> 0.44210526 | G39: couche gravillon (L/m2) | H39: 10
A40: tonnage par min | B40: =B39*B21 -> 6 | D40: Nombre de camion réel | E40: =B35/B24 -> 21.01848 | G40: en Litre | H40: =(H39*B27*B28) -> 35000
A41: temps de consomation pour un semi | B41: =(B24/B40)/60/24 -> 0.0028935185 | D41: Manuel | G41: en m3 | H41: =H40/1000 -> 35
A42: Nombre ml réalisable | B42: =(B41*B21)*60*24 -> 33.333333 | D42: chargeuse | G42: en tonne | H42: =H43*H41 -> 63
A43: Nombre de bande finisseur | B43: =B27/B30 -> 1.4 | D43: contenance en litre | E43: 800 | G43: Densité | H43: 1.8
A44: ml à faire par bande | B44: =B28-B31 -> 495 | D44: en m3 | E44: =E43/1000 -> 0.8
A45: Nombre de bande main | B45: 1 | D45: dimension raclette (cm) | E45: 60 | G45: Bouille
A46: ml bande à la main | B46: =B27 -> 7 | D46: Tonne godet chargeuse | E46: =E44*B23 -> 2 | G46: Largeur bouille (m) | H46: 2.5
A47: Nombre ml à faire | B47: =B46+(B44*B43) -> 700 | D47: m2 par godet | E47: =E46/B39 -> 2.6666667 | G47: Nombre de passage | H47: =(B19/H46)+(B22/H46) -> 12
A48: Temps pour les bandes | B48: =(B47/B43)/60/24 -> 0.34722222 | D48: temps remplir chargeuse (min) | E48: 2 | G48: Contenance (Tonne) | H48: 11
D49: temps vidée chargeuse (min) | E49: 1 | G49: en Litre | H49: =H48*1000 -> 11000
D50: nombre de godet | E50: =(B32*B31)/E47 -> 9.375 | G50: Capacité en m2 | H50: =H49/H36 -> 36666.667
D51: arrondi | E51: =ROUNDUP(E50,0) -> 10 | G51: Capacité en ml | H51: =H50/(B19) -> 7333.3333
D52: temps total chargeuse | E52: =(E51*(E48+E49))/60/24 -> 0.020833333 | G52: Nombre de cycle bouille | H52: =H38/H48 -> 0.095454545
D53: temps remplir pelle (s) | E53: 10 | G53: arrondi | H53: =ROUNDUP(H52,0) -> 1
D54: temps total pelle | E54: =(E53*B32*B31)/3600/24 -> 0.0028935185 | G54: Vitesse de répandage (m/h) | H54: 10000
D55: vitesse raclette (s/m2) | E55: 30 | G55: temps de répandage | H55: =((60*H51/H54)/60/24)*H47 -> 0.36666667
D56: temps total raclette | E56: =(E55*B32*B31)/3600/24 -> 0.0086805556
D57: temps total chargeuse + raclette + pelle | E57: =E56+E54+E52 -> 0.032407407 | G57: Temps de travail
D58: dernier coup de godet | G58: Temps travaillé par jours (h) | H58: 8
D59: temps pelle | E59: =12+3.21*10 -> 44.1 | G59: Total de temps de chantier h | H59: =E28+E57+E61+H55+H34 -> 1.0846435
D60: temps raclette | E60: =12+3.21*30 -> 108.3 | G60: temps jours | H60: =H59/H58 -> 0.13558044
D61: temps total | E61: =E57-(E60+E59)/3600/24 -> 0.030643519 | G61: rdm | H61: =B64/26 -> 20.210077
A62: FOURNITURE & SOUS-TRAITANCE | F62: Fournisseur
A63: désignation | B63: Qté | C63: Unité | D63: P.U. | E63: Total | F63: Qui? | G63: Distance chantier | H63: Nbre de tours/jour
A64: bb0/10 | B64: =E4 -> 525.462 | C64: t | D64: 55 | F64: Enrobés Toulouse 356-355, Cédé, 31800 Villeneuve-de-Rivière 0561953331 | G64: 16.6
A65: Emulsion 65% | B65: =H38 -> 1.05 | C65: T | D65: 535 | E65: =B65*D65 -> 561.75

Sheet 16.reprise terre végé
A1: Chantier | D1: Tâche
A2: BARBAZAN | D2: REPRISE DE TERRE VEGETALE SUR DEPOT
A3: Tache immédiatement antécédante | E3: Quantité | F3: Unité | G3: Rendement | H3: durée
E4: 277.413 | F4: M3 | G4: 72,3m3/h | H4: =E17 -> 0.15982642
A5: Descriptif (source CCTP bordereau …)
A6: Ce prix rémunère au mètre cube, la reprise de terre végétale sur dépôt. Il comprend le chargement des matériaux depuis le lieu de dépôt, le transport, la mise en oeuvre, le réglage, le compactage, la fourniture, le transport de l'eau d'arrosage, et l'arrosage.
A7: Matériel | E7: Main d'œuvre
A8: désignation | B8: Qté | C8: affectation tâche | E8: désignation | F8: Quantité | G8: affectation tâche
A9: pelle | B9: 1 | E9: conducteur d'engin | F9: 1
E10: chef de chantier | F10: 1
A11: Description du mode opératoire
A12: la pelle transporte la terre végétale du dépôt sur place, aux endroits choisis.
A13: Calcul de rendement, métré de fourniture, calcul de temps de transport, nombre de tours
A14: Donnée | B14: Quantité | D14: Donnée | E14: Quantité
A15: Volume (m3) | B15: =E4 -> 277.413 | D15: Temps de travail
A16: Epaulement terre végétale | D16: Temps travaillé par jours (h) | E16: 8
A17: Godet (L) | B17: 1000 | D17: Total de temps de chantier h | E17: =B33 -> 0.15982642
A18: Godet (m3) | B18: =B17/1000 -> 1 | D18: temps jours | E18: =E17/E16 -> 0.019978302
A19: Nb cycle nécessaire | B19: =B15/B18 -> 277.413 | D19: rdm | E19: =E4/B32 -> 72.321429
A20: T1 (s) | B20: 10
A21: T2 (s) | B21: 6
A22: T3 (s) | B22: 6
A23: T4 (s) | B23: 6
A24: Total 1 cycle (s) | B24: =SUM(B20:B23) -> 28
A25: Efficience volume | B25: =60/80 -> 0.75
A26: Efficience temps | B26: =80/60 -> 1.3333333
A27: 1cycle efficient (s) | B27: =B24*B26 -> 37.333333
A28: cycle / min | B28: =60/B27 -> 1.6071429
A29: cycle / heure | B29: =B28*60 -> 96.428571
A30: Volume / heure (m3) | B30: =B29*B18 -> 96.428571
A31: Volume / heure effecient (m3) | B31: =B30*B25 -> 72.321429
A32: Temps d'activité décimale | B32: =B15/B31 -> 3.8358341
A33: Temps d'activité sexagésimal | B33: =B32/24 -> 0.15982642
A36: FOURNITURE & SOUS-TRAITANCE | F36: Fournisseur
A37: désignation | B37: Qté | C37: Unité | D37: P.U. | E37: Total | F37: Qui? | G37: Distance chantier | H37: Nbre de tours/jour
D39: =IF(A39="","",VLOOKUP(A39,$O$3:$P$12,2,FALSE)) | E39: =IF(A39="","",B39*D39)

Sheet 17.bordure d'ilot type 1
A1: Chantier | D1: Tâche
A2: BARBAZAN | D2: BORDURES D’ILOTS DE TYPE I1
A3: Tache immédiatement antécédante | E3: Quantité | F3: Unité | G3: Rendement | H3: durée
E4: 180.7 | F4: ML | G4: 14,75ml/h | H4: =H33 -> 0.50970556
A5: Descriptif (source CCTP bordereau …)
A6: Ce prix rémunère au mètre linéaire la fourniture et la pose de bordures d'îlots en béton de type I1. Il comprend la fourniture et la mise en place des bordures préfabriquées posées sur socle de 0,15 m d'épaisseur de béton B16/20 y compris le béton de calage à l'arrière de la bordure, les terrassements tous terrains, y compris chaussées, façon des joints et nivellement.
A7: Matériel | E7: Main d'œuvre
A8: désignation | B8: Qté | C8: affectation tâche | E8: désignation | F8: Quantité | G8: affectation tâche
A9: pelle | B9: 1 | C9: transport des palletes & bordures | E9: Maçon | F9: 1 | G9: mise en place des bordures, béton & joints
A10: Camion | B10: 1 | C10: transport des palletes & bordures | E10: manœuvre | F10: 2 | G10: mise en place des bordures, béton & joints
E11: chauffeur de pelle | F11: 1 | G11: conduit la pelle
A13: Description du mode opératoire
A14: Le camion apporte les fournitures sur site. La pelle positionne les palletes le longs de la zone choisi. La toupie coule le béton le long de la zone où les bordures doivent être placé. Les manoeuvres régle le béton à la hauteur voulu. Un homme positionne la pince à bordure pour soulever les bordures. La pelle positionne au plus proche la bordure. Les manoeuvres placent la bordure le long du cordeau, puis le maçon règle la bordure. Une fois que la bordure est positionné, les manoeuvres positionnent l'épaulement (devant et derrière la bordure). Dès que la pose de bordure est fini, le maçon commenceça la jointure.
A17: Calcul de rendement, métré de fourniture, calcul de temps de transport, nombre de tours
A18: Donnée | B18: Quantité | D18: Donnée | E18: Quantité | G18: Donnée | H18: Quantité
A19: Bordure Dimension | D19: mise en place béton | G19: confection mortier
A20: hauteur haute | B20: 0.13 | D20: vitesse de mise en place (s/ml) | E20: 3 | G20: Surface bordure (m²) | H20: =B20*B21 -> 0.0325
A21: largeur longue | B21: 0.25 | D21: temps en seconde | E21: =E20*B22 -> 542.1 | G21: epaisseur joint (m) | H21: 0.05
A22: Longueur à mettre (ml) | B22: =E4 -> 180.7 | D22: temps en minute | E22: =E21/3600/24 -> 0.0062743056 | G22: volume joint (m3) | H22: =H21*H20 -> 0.001625
A23: longueur d'une bordure | B23: 1 | D23: eclatage béton | G23: volume en litre / joint | H23: =H22*1000 -> 1.625
A24: Nombre de bordure | B24: =ROUNDUP(B22*B23,0) -> 181 | D24: vitesse mep à la pelle (s/ml) | E24: 3 | G24: temps (min) / 35L | H24: =15/60/24 -> 0.010416667
A25: Semelle Béton | D25: temps en seconde | E25: =E24*B22 -> 542.1 | G25: volume en litre total | H25: =H29*H23 -> 292.0125
A26: Largeur semelle béton | B26: =ROUNDUP(B21+B31+B34,1) -> 0.4 | D26: temps | E26: =E25/3600/24 -> 0.0062743056 | G26: temps (min) / 35L | H26: =H24*(ROUNDUP(H25/35,0)) -> 0.09375
A27: Hauteur semelle béton | B27: =0.15 -> 0.15 | D27: Règlage béton | G27: confection joint
A28: Surface semelle béton | B28: =B27*B26 -> 0.06 | D28: vitesse (s/ml) | E28: 3 | G28: temps par joint (s) | H28: 30
A29: Volume semelle béton | B29: =B28*B22 -> 10.842 | D29: temps en seconde | E29: =E28*B22 -> 542.1 | G29: nombre de joint | H29: =B22-1+H38 -> 179.7
A30: Epaulement Béton | D30: temps | E30: =E29/3600/24 -> 0.0062743056 | G30: temps | H30: =H28*H29/3600/24 -> 0.062395833
A31: Hauteur épaulement trottoire | B31: =(2/3)*B20 -> 0.086666667 | D31: Approvisionnement bordures | G31: Temps total | H31: =E22+E26+E30+E34+E41+E45+E54+H26+H30 -> 0.31856597
A32: Surface épaulement trottoire | B32: =(B31*B31)/2 -> 0.0037555556 | D32: 1 palette + pince (s) | E32: 30 | G32: Efficience | H32: =8/5 -> 1.6
A33: Volume épaulement trottoire | B33: =B32*B22 -> 0.67862889 | D33: trajet (s) | E33: 30 | G33: Temps total efficient | H33: =H31*H32 -> 0.50970556
A34: Hauteur épaulement chaussée | B34: =0.06*2/3 -> 0.04 | D34: temps total | E34: =(E32+E33)*B46/3600/24 -> 0.0076388889 | G34: Nombre de jours travaillé | H34: =H33/8 -> 0.063713194
A35: Surface épaulement chaussée | B35: =(B34*B34)/2 -> 0.0008 | D35: mise en place bordures | G35: rdm | H35: =E4/12.25 -> 14.75102
A36: Volume épaulement chaussée | B36: =B35*B22 -> 0.14456 | D36: Temps de bardage / 1 ml (s) | E36: 5
A37: Volume Totale béton pour 1 ml | B37: =B28+B32+B35 -> 0.064555556 | D37: temps | E37: =B45*E36/3600/24 -> 0.0010416667
A38: Convertion en Litre | B38: =B37*1000 -> 64.555556 | D38: temps mep cordo / 1ml (s) | E38: 5
A39: Volume total béton (m3) | B39: =B29+B33+B36 -> 11.665189 | D39: temps | E39: =E38*B45/3600/24 -> 0.0010416667
A40: Toupie Béton | D40: Temps mep bordure / 1ml | E40: =E39+E37 -> 0.0020833333
A41: Contenance d'une Toupie (m3) | B41: 5.5 | D41: Temps Total | E41: =E40*B46 -> 0.022916667
A42: Nombre de Toupie necessaire | B42: =B39/B41 -> 2.1209434 | D42: Reglage Bordure
A43: ml réalisable par Toupie | B43: =B41/B37 -> 85.197935 | D43: réglage d'une bordure (nb coups) | E43: 10
A44: Palette de bordure | D44: temps pour une bordure (s) | E44: 30
A45: Nombre de bordure par palette | B45: 18 | D45: Temps Total | E45: =E44*B24/3600/24 -> 0.062847222
A46: Nombre de palette necessaie | B46: =ROUNDUP(B24/B45,0) -> 11 | D46: Epaulement bordure
D47: mep béton devant & derriere (coup de pelle) | E47: 8
D48: temps par coups (s) | E48: 2
D49: temps (s) | E49: =E47*E48 -> 16
D50: Nb llissage à la pelle (devant et derriere) | E50: 2
D51: temps par lissage (s) | E51: 4
D52: temps | E52: =E50*E51 -> 8
D53: temps epaulement pour 1 ml (s) | E53: =E52+E49 -> 24
D54: temps epaulement Total | E54: =E53*B22/3600/24 -> 0.050194444
A55: FOURNITURE & SOUS-TRAITANCE | F55: Fournisseur
A56: désignation | B56: Qté | C56: Unité | D56: P.U. | E56: Total | F56: Qui? | G56: Distance chantier | H56: Nbre de tours/jour
A57: BORDURES I1 | B57: =B24 -> 181 | C57: U | D57: 5.15 | E57: =D57*B57 -> 932.15
A58: Béton C25/30 | B58: =B39 -> 11.665189 | C58: m3 | D58: 98 | E58: =D58*B58 -> 1143.1885
A59: Toupie 6m3 | B59: =B42 -> 2.1209434 | C59: Voyage | D59: 110 | E59: =D59*B59 -> 233.30378
A60: mortier 25kg | B60: =ROUNDUP(154/25,0) -> 7 | C60: u | D60: 3.45 | E60: =D60*B60 -> 24.15
D61: =IF(A61="","",VLOOKUP(A61,$O$3:$P$19,2,FALSE)) | E61: =IF(A61="","",B61*D61)

Sheet 18.bordure d'ilot type 2
A1: Chantier | D1: Tâche
A2: BARBAZAN | D2: BORDURES D’ILOTS DE TYPE I2
A3: Tache immédiatement antécédante | E3: Quantité | F3: Unité | G3: Rendement | H3: durée
E4: 70 | F4: ML | G4: 13ml/h | H4: =H33 -> 0.22111111
A5: Descriptif (source CCTP bordereau …)
A6: Ce prix rémunère au mètre linéaire la fourniture et la pose de bordures d'îlots en béton de type I2. Il comprend la fourniture et la mise en place des bordures préfabriquées posées sur socle de 0,15 m d'épaisseur dosé à 250 kgs/m3 y compris le béton de calage à l'arrière de la bordure, les terrassements tous terrains, y compris chaussées, façon des joints et nivellement.
A7: Matériel | E7: Main d'œuvre
A8: désignation | B8: Qté | C8: affectation tâche | E8: désignation | F8: Quantité | G8: affectation tâche
A9: pelle | B9: 1 | C9: transport des palletes & bordures | E9: Maçon | F9: 1 | G9: mise en place des bordures, béton & joints
A10: Camion | B10: 1 | C10: transport des palletes & bordures | E10: manœuvre | F10: 2 | G10: mise en place des bordures, béton & joints
E11: chauffeur de pelle | F11: 1 | G11: conduit la pelle
A13: Description du mode opératoire
A14: Le camion apporte les fournitures sur site. La pelle positionne les palletes le longs de la zone choisi. La toupie coule le béton le long de la zone où les bordures doivent être placé. Les manoeuvres régle le béton à la hauteur voulu. Un homme positionne la pince à bordure pour soulever les bordures. La pelle positionne au plus proche la bordure. Les manoeuvres placent la bordure le long du cordeau, puis le maçon règle la bordure. Une fois que la bordure est positionné, les manoeuvres positionnent l'épaulement (devant et derrière la bordure). Dès que la pose de bordure est fini, le maçon commenceça la jointure.
A17: Calcul de rendement, métré de fourniture, calcul de temps de transport, nombre de tours
A18: Donnée | B18: Quantité | D18: Donnée | E18: Quantité | G18: Donnée | H18: Quantité
A19: Bordure Dimension | D19: mise en place béton | G19: confection mortier
A20: hauteur haute | B20: 0.18 | D20: vitesse de mise en place (s/ml) | E20: 3 | G20: Surface bordure (m²) | H20: =B20*B21 -> 0.045
A21: largeur longue | B21: 0.25 | D21: temps en seconde | E21: =E20*B22 -> 210 | G21: epaisseur joint (m) | H21: 0.05
A22: Longueur à mettre (ml) | B22: =E4 -> 70 | D22: temps en minute | E22: =E21/3600/24 -> 0.0024305556 | G22: volume joint (m3) | H22: =H21*H20 -> 0.00225
A23: longueur d'une bordure | B23: 1 | D23: eclatage béton | G23: volume en litre / joint | H23: =H22*1000 -> 2.25
A24: Nombre de bordure | B24: =B22*B23 -> 70 | D24: vitesse mep à la pelle (s/ml) | E24: 3 | G24: temps (min) / 35L | H24: =15/60/24 -> 0.010416667
A25: Semelle Béton | D25: temps en seconde | E25: =E24*B22 -> 210 | G25: volume en litre total | H25: =H29*H23 -> 155.25
A26: Largeur semelle béton | B26: =ROUNDUP(B21+B31+B34,1) -> 0.5 | D26: temps | E26: =E25/3600/24 -> 0.0024305556 | G26: temps (min) / 35L | H26: =H24*(ROUNDUP(H25/35,0)) -> 0.052083333
A27: Hauteur semelle béton | B27: =0.15 -> 0.15 | D27: Règlage béton | G27: confection joint
A28: Surface semelle béton | B28: =B27*B26 -> 0.075 | D28: vitesse (s/ml) | E28: 3 | G28: temps par joint (s) | H28: 30
A29: Volume semelle béton | B29: =B28*B22 -> 5.25 | D29: temps en seconde | E29: =E28*B22 -> 210 | G29: nombre de joint | H29: =B22-1+H38 -> 69
A30: Epaulement Béton | D30: temps | E30: =E29/3600/24 -> 0.0024305556 | G30: temps | H30: =H28*H29/3600/24 -> 0.023958333
A31: Hauteur épaulement trottoire | B31: =(2/3)*B20 -> 0.12 | D31: Approvisionnement bordures | G31: Temps total | H31: =E22+E26+E30+E34+E41+E45+E54+H26+H30 -> 0.13819444
A32: Surface épaulement trottoire | B32: =(B31*B31)/2 -> 0.0072 | D32: 1 palette + pince (s) | E32: 30 | G32: Efficience | H32: =8/5 -> 1.6
A33: Volume épaulement trottoire | B33: =B32*B22 -> 0.504 | D33: trajet (s) | E33: 30 | G33: Temps total efficient | H33: =H31*H32 -> 0.22111111
A34: Hauteur épaulement chaussée | B34: =0.11*2/3 -> 0.073333333 | D34: temps total | E34: =(E32+E33)*B46/3600/24 -> 0.0027777778 | G34: Nombre de jours travaillé | H34: =H33/8 -> 0.027638889
A35: Surface épaulement chaussée | B35: =(B34*B34)/2 -> 0.0026888889 | D35: mise en place bordures | G35: rdm | H35: =E4/5.25 -> 13.333333
A36: Volume épaulement chaussée | B36: =B35*B22 -> 0.18822222 | D36: Temps de bardage / 1 ml (s) | E36: 5
A37: Volume Totale béton pour 1 ml | B37: =B28+B32+B35 -> 0.084888889 | D37: temps | E37: =B45*E36/3600/24 -> 0.0010416667
A38: Convertion en Litre | B38: =B37*1000 -> 84.888889 | D38: temps mep cordo / 1ml (s) | E38: 5
A39: Volume total béton (m3) | B39: =B29+B33+B36 -> 5.9422222 | D39: temps | E39: =E38*B45/3600/24 -> 0.0010416667
A40: Toupie Béton | D40: Temps mep bordure / 1ml | E40: =E39+E37 -> 0.0020833333
A41: Contenance d'une Toupie (m3) | B41: 5.5 | D41: Temps Total | E41: =E40*B46 -> 0.0083333333
A42: Nombre de Toupie necessaire | B42: =B39/B41 -> 1.080404 | D42: Reglage Bordure
A43: ml réalisable par Toupie | B43: =B41/B37 -> 64.790576 | D43: réglage d'une bordure (nb coups) | E43: 10
A44: Palette de bordure | D44: temps pour une bordure (s) | E44: 30
A45: Nombre de bordure par palette | B45: 18 | D45: Temps Total | E45: =E44*B24/3600/24 -> 0.024305556
A46: Nombre de palette necessaie | B46: =ROUNDUP(B24/B45,0) -> 4 | D46: Epaulement bordure
D47: mep béton devant & derriere (coup de pelle) | E47: 8
D48: temps par coups (s) | E48: 2
D49: temps (s) | E49: =E47*E48 -> 16
D50: Nb llissage à la pelle (devant et derriere) | E50: 2
D51: temps par lissage (s) | E51: 4
D52: temps | E52: =E50*E51 -> 8
D53: temps epaulement pour 1 ml (s) | E53: =E52+E49 -> 24
D54: temps epaulement Total | E54: =E53*B22/3600/24 -> 0.019444444
A55: FOURNITURE & SOUS-TRAITANCE | F55: Fournisseur
A56: désignation | B56: Qté | C56: Unité | D56: P.U. | E56: Total | F56: Qui? | G56: Distance chantier | H56: Nbre de tours/jour
A57: BORDURES I2 | B57: =B24 -> 70 | C57: U | D57: 5.15 | E57: =D57*B57 -> 360.5
A58: Béton C25/30 | B58: =B39 -> 5.9422222 | C58: m3 | D58: 98 | E58: =D58*B58 -> 582.33778
A59: Toupie 6m3 | B59: =B42 -> 1.080404 | C59: Voyage | D59: 110 | E59: =D59*B59 -> 118.84444
A60: mortier 25kg | B60: =ROUNDUP(154/25,0) -> 7 | C60: u | D60: 3.45 | E60: =D60*B60 -> 24.15
D61: =IF(A61="","",VLOOKUP(A61,$O$3:$P$17,2,FALSE)) | E61: =IF(A61="","",B61*D61)

Sheet 20.trottoir
A1: Chantier | D1: Tâche
A2: BARBAZAN | D2: CONFECTION DE TROTTOIR EN GRAVE 0/20 + BI-COUCHE
A3: Tache immédiatement antécédante | E3: Quantité | F3: Unité | G3: Rendement | H3: durée
E4: 90.66 | F4: M2 | G4: 71,5m2/h | H4: =H21 -> 0.053083333
A5: Descriptif (source CCTP bordereau …)
A6: Ce prix rémunère au mètre carré la réalisation d'un trottoir, suivant les épaisseurs et prescriptions définies au CCTP . - grave 0/20 sur 20 cm d'épaisseur - revêtement bicouche Il comprend la fourniture, le transport, le stockage et la mise en oeuvre de l'émulsion de bitume et des gravillons, et le compactage, définis au CCTP.
A7: Matériel | E7: Main d'œuvre
A8: désignation | B8: Qté | C8: affectation tâche | E8: désignation | F8: Quantité | G8: affectation tâche
E9: Maçon | F9: 1 | G9: mise en place béton
E10: manœuvre | F10: 2 | G10: mise en place béton
E11: chef de chantier | F11: 1
A13: Description du mode opératoire
A14: une toupie vient déposer le béton, les hommes lissent le béton.
A17: Calcul de rendement, métré de fourniture, calcul de temps de transport, nombre de tours
A18: Donnée | B18: Quantité | D18: Donnée | E18: Quantité
A19: Dimension | B19: =E3 -> Quantité | D19: Lissage | G19: Temps total | H19: =B29+E26+E22 -> 0.033177083
A20: Surface | B20: =E4 -> 90.66 | D20: vitesse lissage (s/²) | E20: 15 | G20: Efficience | H20: =8/5 -> 1.6
A21: épaisseur | B21: =0.1 -> 0.1 | D21: temps en seconde | E21: =E20*B20 -> 1359.9 | G21: Temps total efficient | H21: =H19*H20 -> 0.053083333
A22: Volume | B22: =B20*B21 -> 9.066 | D22: temps en minute | E22: =E21/3600/24 -> 0.015739583 | G22: Nombre de jours travaillé | H22: =H21/8 -> 0.0066354167
A23: Toupie Béton | D23: coup de balaye | G23: rdm | H23: =E4/(1+16/60) -> 71.573684
A24: Contenance d'une Toupie (m3) | B24: 5.5 | D24: vitesse balaye (s/m²) | E24: 10
A25: Nombre de Toupie necessaire | B25: =B22/B24 -> 1.6483636 | D25: temps en seconde | E25: =E24*B20 -> 906.6
A26: arrondi | B26: =ROUNDUP(B25,0) -> 2 | D26: temps | E26: =E25/3600/24 -> 0.010493056
A27: Temps coulage par toupie (s) | B27: =60*5 -> 300
A28: temps total | B28: =B27*B26 -> 600
B29: =B28/24/3600 -> 0.0069444444
A33: FOURNITURE & SOUS-TRAITANCE | F33: Fournisseur
A34: désignation | B34: Qté | C34: Unité | D34: P.U. | E34: Total | F34: Qui? | G34: Distance chantier | H34: Nbre de tours/jour
A35: béton c25/30 | B35: =B22 -> 9.066 | C35: m3
A36: toupie | B36: =B26 -> 2 | C36: voyage | F36: Sablières de Saléchan - ABCVL La Gerle, Gouasquet, 65370 Saléchan | H36: 9.6

Sheet 19.CC1
A1: Chantier | D1: Tâche
A2: BARBAZAN | D2: BORDURES CANIVEAUX DE TYPE CC1
A3: Tache immédiatement antécédante | E3: Quantité | F3: Unité | G3: Rendement | H3: durée
E4: 8.36 | F4: ML | G4: 10ml/h | H4: =H33 -> 0.035308889
A5: Descriptif (source CCTP bordereau …)
A6: Ce prix rémunère au mètre linéaire, la fourniture et la pose de bordures caniveaux en béton de type CC1. Il comprend la fourniture et la mise en place des bordures préfabriquées posées sur socle de 0,15 m d'épaisseur de béton B16/20 y compris le béton de calage à l'arrière de la bordure, les terrassements tous terrains, y compris chaussées, le béton de pose sur fondation de 0,15 m en grave concassée 0/31.5, façon des joints et nivellement.
A7: Matériel | E7: Main d'œuvre
A8: désignation | B8: Qté | C8: affectation tâche | E8: désignation | F8: Quantité | G8: affectation tâche
A9: pelle | B9: 1 | C9: transport des palletes & bordures | E9: Maçon | F9: 1 | G9: mise en place des bordures, béton & joints
A10: Camion | B10: 1 | C10: transport des palletes & bordures | E10: manœuvre | F10: 2 | G10: mise en place des bordures, béton & joints
E11: chauffeur de pelle | F11: 1 | G11: conduit la pelle
A13: Description du mode opératoire
A14: Le camion apporte les fournitures sur site. La pelle positionne les palletes le longs de la zone choisi. La toupie coule le béton le long de la zone où les bordures doivent être placé. Les manoeuvres régle le béton à la hauteur voulu. Un homme positionne la pince à bordure pour soulever les bordures. La pelle positionne au plus proche la bordure. Les manoeuvres placent la bordure le long du cordeau, puis le maçon règle la bordure. Une fois que la bordure est positionné, les manoeuvres positionnent l'épaulement (devant et derrière la bordure). Dès que la pose de bordure est fini, le maçon commenceça la jointure.
A17: Calcul de rendement, métré de fourniture, calcul de temps de transport, nombre de tours
A18: Donnée | B18: Quantité | D18: Donnée | E18: Quantité | G18: Donnée | H18: Quantité
A19: Bordure Dimension | D19: mise en place béton | G19: confection mortier
A20: hauteur haute | B20: 0.12 | D20: vitesse de mise en place (s/ml) | E20: 3 | G20: Surface bordure (m²) | H20: =B20*B21 -> 0.018
A21: largeur longue | B21: 0.15 | D21: temps en seconde | E21: =E20*B22 -> 25.08 | G21: epaisseur joint (m) | H21: 0.05
A22: Longueur à mettre (ml) | B22: =E4 -> 8.36 | D22: temps en minute | E22: =E21/3600/24 -> 0.00029027778 | G22: volume joint (m3) | H22: =H21*H20 -> 0.0009
A23: longueur d'une bordure | B23: 1 | D23: eclatage béton | G23: volume en litre / joint | H23: =H22*1000 -> 0.9
A24: Nombre de bordure | B24: =ROUNDUP(B22*B23,0) -> 9 | D24: vitesse mep à la pelle (s/ml) | E24: 3 | G24: temps (min) / 35L | H24: =15/60/24 -> 0.010416667
A25: Semelle Béton | D25: temps en seconde | E25: =E24*B22 -> 25.08 | G25: volume en litre total | H25: =H29*H23 -> 6.624
A26: Largeur semelle béton | B26: =ROUNDUP(B21+B31+B34,1) -> 0.4 | D26: temps | E26: =E25/3600/24 -> 0.00029027778 | G26: temps (min) / 35L | H26: =H24*(ROUNDUP(H25/35,0)) -> 0.010416667
A27: Hauteur semelle béton | B27: =0.15 -> 0.15 | D27: Règlage béton | G27: confection joint
A28: Surface semelle béton | B28: =B27*B26 -> 0.06 | D28: vitesse (s/ml) | E28: 3 | G28: temps par joint (s) | H28: 30
A29: Volume semelle béton | B29: =B28*B22 -> 0.5016 | D29: temps en seconde | E29: =E28*B22 -> 25.08 | G29: nombre de joint | H29: =B22-1+H38 -> 7.36
A30: Epaulement Béton | D30: temps | E30: =E29/3600/24 -> 0.00029027778 | G30: temps | H30: =H28*H29/3600/24 -> 0.0025555556
A31: Hauteur épaulement trottoire | B31: =(2/3)*B20 -> 0.08 | D31: Approvisionnement bordures | G31: Temps total | H31: =E22+E26+E30+E34+E41+E45+E54+H26+H30 -> 0.022068056
A32: Surface épaulement trottoire | B32: =(B31*B31)/2 -> 0.0032 | D32: 1 palette + pince (s) | E32: 30 | G32: Efficience | H32: =8/5 -> 1.6
A33: Volume épaulement trottoire | B33: =B32*B22 -> 0.026752 | D33: trajet (s) | E33: 30 | G33: Temps total efficient | H33: =H31*H32 -> 0.035308889
A34: Hauteur épaulement chaussée | B34: =2/3*0.12 -> 0.08 | D34: temps total | E34: =(E32+E33)*B46/3600/24 -> 0.00069444444 | G34: Nombre de jours travaillé | H34: =H33/8 -> 0.0044136111
A35: Surface épaulement chaussée | B35: =(B34*B34)/2 -> 0.0032 | D35: mise en place bordures | G35: rdm | H35: =E4/H36 -> 10.032
A36: Volume épaulement chaussée | B36: =B35*B22 -> 0.026752 | D36: Temps de bardage / 1 ml (s) | E36: 5 | H36: =50/60 -> 0.83333333
A37: Volume Totale béton pour 1 ml | B37: =B28+B32+B35 -> 0.0664 | D37: temps | E37: =B45*E36/3600/24 -> 0.0010416667
A38: Convertion en Litre | B38: =B37*1000 -> 66.4 | D38: temps mep cordo / 1ml (s) | E38: 5
A39: Volume total béton (m3) | B39: =B29+B33+B36 -> 0.555104 | D39: temps | E39: =E38*B45/3600/24 -> 0.0010416667
A40: Toupie Béton | D40: Temps mep bordure / 1ml | E40: =E39+E37 -> 0.0020833333
A41: Contenance d'une Toupie (m3) | B41: 5.5 | D41: Temps Total | E41: =E40*B46 -> 0.0020833333
A42: Nombre de Toupie necessaire | B42: =B39/B41 -> 0.100928 | D42: Reglage Bordure
A43: ml réalisable par Toupie | B43: =B41/B37 -> 82.831325 | D43: réglage d'une bordure (nb coups) | E43: 10
A44: Palette de bordure | D44: temps pour une bordure (s) | E44: 30
A45: Nombre de bordure par palette | B45: 18 | D45: Temps Total | E45: =E44*B24/3600/24 -> 0.003125
A46: Nombre de palette necessaie | B46: =ROUNDUP(B24/B45,0) -> 1 | D46: Epaulement bordure
D47: mep béton devant & derriere (coup de pelle) | E47: 8
D48: temps par coups (s) | E48: 2
D49: temps (s) | E49: =E47*E48 -> 16
D50: Nb llissage à la pelle (devant et derriere) | E50: 2
D51: temps par lissage (s) | E51: 4
D52: temps | E52: =E50*E51 -> 8
D53: temps epaulement pour 1 ml (s) | E53: =E52+E49 -> 24
D54: temps epaulement Total | E54: =E53*B22/3600/24 -> 0.0023222222
A55: FOURNITURE & SOUS-TRAITANCE | F55: Fournisseur
A56: désignation | B56: Qté | C56: Unité | D56: P.U. | E56: Total | F56: Qui? | G56: Distance chantier | H56: Nbre de tours/jour
A57: BORDURES CC1 | B57: =B24 -> 9 | C57: U | D57: 5.15 | E57: =D57*B57 -> 46.35
A58: Béton C25/30 | B58: =B39 -> 0.555104 | C58: m3 | D58: 98 | E58: =D58*B58 -> 54.400192
A59: Toupie 6m3 | B59: =B42 -> 0.100928 | C59: Voyage | D59: 110 | E59: =D59*B59 -> 11.10208
A60: mortier 25kg | B60: =ROUNDUP(154/25,0) -> 7 | C60: u | D60: 3.45 | E60: =D60*B60 -> 24.15
D61: =IF(A61="","",VLOOKUP(A61,$O$3:$P$19,2,FALSE)) | E61: =IF(A61="","",B61*D61)

Sheet 21.remplissage ilot béton
A1: Chantier | D1: Tâche
A2: BARBAZAN | D2: REMPLISSAGE D’ILOTS EN BETON C20/25
A3: Tache immédiatement antécédante | E3: Quantité | F3: Unité | G3: Rendement | H3: durée
E4: 145.8 | F4: M2 | G4: 80,25m2/h | H4: =H21 -> 0.076222222
A5: Descriptif (source CCTP bordereau …)
A6: Ce prix rémunère au mètre carré, le remplissage d'îlots en béton C20/25, à l'intérieur des bordures I, suivant les épaisseurs et descriptions définies au C.C.T.P. Il comprend la fourniture, le transport et la mise en œuvre des matériaux, ainsi que le réglage des pentes et le lissage avec une finition balayée.
A7: Matériel | E7: Main d'œuvre
A8: désignation | B8: Qté | C8: affectation tâche | E8: désignation | F8: Quantité | G8: affectation tâche
E9: Maçon | F9: 1
E10: manœuvre | F10: 2
A13: Description du mode opératoire
A17: Calcul de rendement, métré de fourniture, calcul de temps de transport, nombre de tours
A18: Donnée | B18: Quantité | D18: Donnée | E18: Quantité
A19: Dimension | B19: =E3 -> Quantité | D19: réglagle | G19: Temps total | H19: =B29+E26+E22 -> 0.047638889
A20: Surface | B20: =E4 -> 145.8 | D20: vitesse lissage (s/m²) | E20: 10 | G20: Efficience | H20: =8/5 -> 1.6
A21: épaisseur | B21: 0.15 | D21: temps en seconde | E21: =E20*B20 -> 1458 | G21: Temps total efficient | H21: =H19*H20 -> 0.076222222
A22: Volume | B22: =B20*B21 -> 21.87 | D22: temps en minute | E22: =E21/3600/24 -> 0.016875 | G22: Nombre de jours travaillé | H22: =H21/8 -> 0.0095277778
A23: Toupie Béton | D23: coup de balaye | G23: rdmt | H23: =E4/(1+49/60) -> 80.256881
A24: Contenance d'une Toupie (m3) | B24: 5.5 | D24: vitesse balaye (s/m²) | E24: 10
A25: Nombre de Toupie necessaire | B25: =B22/B24 -> 3.9763636 | D25: temps en seconde | E25: =E24*B20 -> 1458
A26: arrondi | B26: =ROUNDUP(B25,0) -> 4 | D26: temps | E26: =E25/3600/24 -> 0.016875
A27: Temps coulage par toupie (s) | B27: =60*5 -> 300
A28: temps total | B28: =B27*B26 -> 1200
B29: =B28/24/3600 -> 0.013888889
A30: FOURNITURE & SOUS-TRAITANCE | F30: Fournisseur
A31: désignation | B31: Qté | C31: Unité | D31: P.U. | E31: Total | F31: Qui? | G31: Distance chantier | H31: Nbre de tours/jour
A32: béton c25/30 | B32: =B22 -> 21.87 | C32: m3
A33: toupie | B33: =B26 -> 4 | C33: voyage | F33: Sablières de Saléchan - ABCVL La Gerle, Gouasquet, 65370 Saléchan | H33: 9.6

Sheet 22.confection galet giratoire
A1: Chantier | D1: Tâche
A2: BARBAZAN | D2: CONFECTION DE SURFACES EN GALETS MACONNES EN SURLARGEUR DU GIRATOIRE
A3: Tache immédiatement antécédante | E3: Quantité | F3: Unité | G3: Rendement | H3: durée
E4: 90.8 | F4: M2 | G4: 4,4m2/h | H4: =H19 -> 0.86401235
A5: Descriptif (source CCTP bordereau …)
A6: Ce prix rémunère au mètre carré la confection de surfaces en galets maçonnés. Il comprend la préparation du support, la fourniture, la mise en oeuvre des galets et du béton C20/25, y compris le liant, les granulats, la confection des joints, le brossage, le nettoyage soigné ainsi que le coffrage soigné en arc de cercle calé au niveau de profil en long tels que défini au CCTP.
A7: Matériel | E7: Main d'œuvre
A8: désignation | B8: Qté | C8: affectation tâche | E8: désignation | F8: Quantité | G8: affectation tâche
E9: Maçon | F9: 1
E10: manœuvre | F10: 2
A11: Description du mode opératoire
A15: Calcul de rendement, métré de fourniture, calcul de temps de transport, nombre de tours
A16: Donnée | B16: Quantité | D16: Donnée | E16: Quantité
A17: Dimension | B17: =E3 -> Quantité | D17: réglagle | G17: Temps total | H17: =B27+E30+E20+E24 -> 0.64800926
A18: Surface | B18: =E4 -> 90.8 | D18: vitesse (s/m²) | E18: 10 | G18: Efficience | H18: =8/6 -> 1.3333333
A19: épaisseur | B19: =0.1 -> 0.1 | D19: temps en seconde | E19: =E18*B18 -> 908 | G19: Temps total efficient | H19: =H17*H18 -> 0.86401235
A20: Volume | B20: =B18*B19 -> 9.08 | D20: temps en minute | E20: =E19/3600/24 -> 0.010509259 | G20: Nombre de jours travaillé | H20: =H19/8 -> 0.10800154
A21: Toupie Béton | D21: pose de galet | G21: rdm | H21: =E4/(20+44/60) -> 4.3794212
A22: Contenance d'une Toupie (m3) | B22: 5.5 | D22: vitesse (s/m²) | E22: 300
A23: Nombre de Toupie necessaire | B23: =B20/B22 -> 1.6509091 | E23: =E22/24/3600 -> 0.0034722222
A24: arrondi | B24: =ROUNDUP(B23,0) -> 2 | D24: total | E24: =E23*B18 -> 0.31527778
A25: Temps coulage par toupie (s) | B25: =60*5 -> 300 | D25: Jointage
A26: temps total | B26: =B25*B24 -> 600 | D26: ep | E26: 0.005
B27: =B26/24/3600 -> 0.0069444444 | D27: volume | E27: =E26*B18 -> 0.454
D28: vitesse (s/m²) | E28: 300
E29: =E28/24/3600 -> 0.0034722222
D30: total | E30: =E29*B18 -> 0.31527778
A35: FOURNITURE & SOUS-TRAITANCE | F35: Fournisseur
A36: désignation | B36: Qté | C36: Unité | D36: P.U. | E36: Total | F36: Qui? | G36: Distance chantier | H36: Nbre de tours/jour
A37: mortier | B37: =E27 -> 0.454 | C37: m3
A38: béton c25/30 | B38: =B20 -> 9.08 | C38: m3
A39: toupie | B39: =B24 -> 2 | C39: voyage | F39: Sablières de Saléchan - ABCVL La Gerle, Gouasquet, 65370 Saléchan | H39: 9.6

Sheet 23.ilot béton et galet garonne
A1: Chantier | D1: Tâche
A2: BARBAZAN | D2: ILOTS EN BETON ET GALETS DE GARONNE
A3: Tache immédiatement antécédante | E3: Quantité | F3: Unité | G3: Rendement | H3: durée
E4: 236.6 | F4: M2 | G4: 4m2/h | H4: =H19 -> 2.2504012
A5: Descriptif (source CCTP bordereau …)
A6: Ce prix rémunère au mètre carré la réalisation de l'intérieur des îlots séparateurs en béton et galets de Garonne. Il comprend la fourniture et la mise en oeuvre de: - béton C20/25 sur 0.20m d'épaisseur, - galets de Garonne de dimension comprise entre 80 et 200 mm agencés soigneusement et rejointoyés.
A7: Matériel | E7: Main d'œuvre
A8: désignation | B8: Qté | C8: affectation tâche | E8: désignation | F8: Quantité | G8: affectation tâche
E9: Maçon | F9: 1
E10: manœuvre | F10: 2
A11: Description du mode opératoire
A15: Calcul de rendement, métré de fourniture, calcul de temps de transport, nombre de tours
A16: Donnée | B16: Quantité | D16: Donnée | E16: Quantité
A17: Dimension | B17: =E3 -> Quantité | D17: réglagle | G17: Temps total | H17: =B27+E30+E20+E24 -> 1.6878009
A18: Surface | B18: =E4 -> 236.6 | D18: vitesse (s/m²) | E18: 10 | G18: Efficience | H18: =8/6 -> 1.3333333
A19: épaisseur | B19: =0.1 -> 0.1 | D19: temps en seconde | E19: =E18*B18 -> 2366 | G19: Temps total efficient | H19: =H17*H18 -> 2.2504012
A20: Volume | B20: =B18*B19 -> 23.66 | D20: temps en minute | E20: =E19/3600/24 -> 0.027384259 | G20: Nombre de jours travaillé | H20: =H19/8 -> 0.28130015
A21: Toupie Béton | D21: pose de galet | G21: rdm | H21: =E4/54 -> 4.3814815
A22: Contenance d'une Toupie (m3) | B22: 5.5 | D22: vitesse (s/m²) | E22: 300
A23: Nombre de Toupie necessaire | B23: =B20/B22 -> 4.3018182 | E23: =E22/24/3600 -> 0.0034722222
A24: arrondi | B24: =ROUNDUP(B23,0) -> 5 | D24: total | E24: =E23*B18 -> 0.82152778
A25: Temps coulage par toupie (s) | B25: =60*5 -> 300 | D25: Jointage
A26: temps total | B26: =B25*B24 -> 1500 | D26: ep | E26: 0.005
B27: =B26/24/3600 -> 0.017361111 | D27: volume | E27: =E26*B18 -> 1.183
D28: vitesse (s/m²) | E28: 300
E29: =E28/24/3600 -> 0.0034722222
D30: total | E30: =E29*B18 -> 0.82152778
A35: FOURNITURE & SOUS-TRAITANCE | F35: Fournisseur
A36: désignation | B36: Qté | C36: Unité | D36: P.U. | E36: Total | F36: Qui? | G36: Distance chantier | H36: Nbre de tours/jour
A37: mortier | B37: =E27 -> 1.183 | C37: m3
A38: béton c25/30 | B38: =B20 -> 23.66 | C38: m3
A39: toupie | B39: =B24 -> 5 | C39: voyage | F39: Sablières de Saléchan - ABCVL La Gerle, Gouasquet, 65370 Saléchan | H39: 9.6

Sheet 24.cunette
A1: Chantier | D1: Tâche
A2: BARBAZAN | D2: CONSTRUCTION DE CUNETTE BETONNEE
A3: Tache immédiatement antécédante | E3: Quantité | F3: Unité | G3: Rendement | H3: durée
E4: 10 | F4: ML | G4: 8,2ml/h | H4: =H24 -> 0.050925926
A5: Descriptif (source CCTP bordereau …)
A6: Ce prix rémunère au mètre linéaire la construction de la cunette bétonnée. Il comprend : - le décapage et l'évacuation de la terre végétale, - la dérivation ou l'épuisement des eaux éventelles - le dressage des berges, - le réglage du fond du lit en grave 0/20 - les coffrages plans ordinaires - la fourniture et la mise en oeuvre du béton C20/25 et des armatures.
A7: Matériel | E7: Main d'œuvre
A8: désignation | B8: Qté | C8: affectation tâche | E8: désignation | F8: Quantité | G8: affectation tâche
E9: Maçon | F9: 1
E10: manœuvre | F10: 2
A11: Description du mode opératoire
A15: Calcul de rendement, métré de fourniture, calcul de temps de transport, nombre de tours
A16: Donnée | B16: Quantité | D16: Donnée | E16: Quantité
A17: dimension | D17: décapage
A18: longueur | B18: 10 | D18: temps | E18: =10/24/60 -> 0.0069444444
A19: épaisseur | B19: 0.25 | D19: évacuation
A20: largeur | B20: 2 | D20: temps | E20: =10/24/60 -> 0.0069444444
A21: surface | B21: =B20*B18 -> 20 | D21: dressage des berges
A22: volume | B22: =B21*B19 -> 5 | D22: temps | E22: =10/24/60 -> 0.0069444444 | G22: Temps total | H22: =B29+E26+E24+Tableau25152773[[#This Row],[Quantité]]+E20+E18 -> 0.038194444
A23: Toupie Béton | D23: réglage du lit de fond | G23: Efficience | H23: =8/6 -> 1.3333333
A24: Contenance d'une Toupie (m3) | B24: 5.5 | D24: temps | E24: =10/24/60 -> 0.0069444444 | G24: Temps total efficient | H24: =H22*H23 -> 0.050925926
A25: Nombre de Toupie necessaire | B25: =B22/B24 -> 0.90909091 | D25: coffrage | G25: Nombre de jours travaillé | H25: =H24/8 -> 0.0063657407
A26: arrondi | B26: =ROUNDUP(B25,0) -> 1 | D26: temps | E26: =10/24/60 -> 0.0069444444 | G26: rdm | H26: =E4/(1+13/60) -> 8.2191781
A27: Temps coulage par toupie (s) | B27: =60*5 -> 300
A28: temps total | B28: =B27*B26 -> 300
B29: =B28/24/3600 -> 0.0034722222
A31: FOURNITURE & SOUS-TRAITANCE | F31: Fournisseur
A32: désignation | B32: Qté | C32: Unité | D32: P.U. | E32: Total | F32: Qui? | G32: Distance chantier | H32: Nbre de tours/jour
A33: béton c25/30 | B33: =B22 -> 5 | C33: m3
A34: toupie | B34: =B26 -> 1 | C34: voyage | F34: Sablières de Saléchan - ABCVL La Gerle, Gouasquet, 65370 Saléchan | H34: 9.6

Sheet 25. regard 40x40
A1: Chantier | D1: Tâche
A2: BARBAZAN | D2: REGARD 40X40 AVEC GRILLE
A3: Tache immédiatement antécédante | E3: Quantité | F3: Unité | G3: Rendement | H3: durée
E4: 1 | F4: Unité | G4: 32min/u | H4: =E22 -> 0.0225
A5: Descriptif (source CCTP bordereau …)
A6: Ce prix rémunère à l'unité la fourniture et la pose de regard à grille de 40 X 40 préfabriqué ou coulé en place de quelque hauteur que ce soit. Il comprend : - la fouille et l'évacuation des déblais excédentaires au dépôt définitif, - le boisage ou étaiement éventuellement nécessaires, - les épuissements ou détournements des eaux éventuelles y compris celles en provenance de la nappe phréatique, - le béton de propreté, - l'exécution du radier, de la cheminée, - la fourniture et la mise en oeuvre du cadre de grille en fonte ductile ainsi que leur calage, - les sujetions de perçages et de raccordement aux collecteurs et autres ouvrages, de réglage de fil d'eau.
A7: Matériel | E7: Main d'œuvre
A8: désignation | B8: Qté | C8: affectation tâche | E8: désignation | F8: Quantité | G8: affectation tâche
A9: pelle | B9: 1 | C9: pose élément regard | E9: manœuvre | F9: 1 | G9: térrassement et réglage fond nettoyage
A10: fourgon benne | B10: 1 | C10: transport du béton | E10: macon | F10: 2 | G10: pose regard béton et coulage cunette finition et mise a la cote
E11: chef de chantier | F11: 1 | G11: implante
A12: Description du mode opératoire
A13: On terrasse le fond a la main ;avec l'aide de la pelle ont pose les éléments de regard en inserent un joint entre chacun d'eux. les macon réalisent les finitions d'enduit interieur; nettoyage puis selle le tampon a la cote définitive
A15: Calcul de rendement, métré de fourniture, calcul de temps de transport, nombre de tours
A16: Donnée | B16: Quantité | D16: Donnée | E16: Quantité
A17: terassement regard | B17: 60 | D17: L’enduit fin des parois et du radier | E17: 300
A18: hauteur total regard | B18: 0.77 | D18: nettoyage | E18: 120
A19: m2 radier | B19: 1.44 | D19: temps/sec | E19: =B17+B22+B27+B29+B30+B32+E17+E18 -> 1620
A20: ep radier | B20: 0.2 | D20: total béton m3 | E20: =B21+B26 -> 0.5235
A21: béton radier m3 | B21: =B19*B20 -> 0.288 | D21: efficience | E21: 5/6
A22: coulage radier sec | B22: 120 | D22: temps total/s | E22: =E19*6/5/60/60/24 -> 0.0225
A23: circonférence parois | B23: 3.14
A24: ep parois | B24: 0.15
A25: hauteur cunette | B25: 0.5
A26: béton parois m3 | B26: =B23*B24*B25 -> 0.2355
A27: coulage parois sec | B27: 600
A28: ep dalle réductice | B28: 0.15
A29: pose dalle réductrice | B29: 60
A30: mise a la cote | B30: 300
A31: nb joint | B31: 1
A32: temps sec pose joint | B32: 60
A35: FOURNITURE & SOUS-TRAITANCE | F35: Fournisseur
A36: désignation | B36: Qté | C36: Unité | D36: P.U. | E36: Total | F36: Qui? | G36: Distance chantier | H36: Nbre de tours/jour
A37: dalle reductrice | B37: 1 | C37: U | D37: 76.96 | E37: =B37*D37 -> 76.96 | H37: 1
A38: béton C25/30 | B38: =E22 -> 0.0225 | C38: m3 | D38: 98 | E38: =B38*D38 -> 2.205 | H38: 1

Sheet 26. gaine Ø110
A1: Chantier | D1: Tâche
A2: BARBAZAN | D2: FOURNITURE ET POSE GAINE TYPE JANOLENE Ø 110
A3: Tache immédiatement antécédante | E3: Quantité | F3: Unité | G3: Rendement | H3: durée
E4: 50 | F4: ML | G4: 15ml/h | H4: =B22 -> 0.13888889
A5: Descriptif (source CCTP bordereau …)
A6: Ce prix rémunère au métre linéaire la fourniture et la mise en œuvre de fourreau Ø 110 type janolène, pré-équipé d'une aiguille de tirage de câble. Il comprend toutes sujétions de terrassement (fouilles et recouvrement, de raccordement éventuel) et de mise en place sous accotement, y compris remise en forme de l'accotement.
A7: Matériel | E7: Main d'œuvre
A8: désignation | B8: Qté | C8: affectation tâche | E8: désignation | F8: Quantité | G8: affectation tâche
A11: Description du mode opératoire
A15: Calcul de rendement, métré de fourniture, calcul de temps de transport, nombre de tours
A16: Donnée | B16: Quantité | D16: Donnée | E16: Quantité
A17: dimension
A18: longueur (m) | B18: 50
A19: diamètre (mm) | B19: 110
A20: vitesse (s/ml) | B20: =4*60 -> 240
A21: total | B21: =B20*B18 -> 12000
B22: =B21/24/3600 -> 0.13888889
A23: drm | B23: =E4/(3+20/60) -> 15
A31: FOURNITURE & SOUS-TRAITANCE | F31: Fournisseur
A32: désignation | B32: Qté | C32: Unité | D32: P.U. | E32: Total | F32: Qui? | G32: Distance chantier | H32: Nbre de tours/jour
A33: fourreau | B33: 50 | C33: ml
D34: =IF(A34="","",VLOOKUP(A34,$O$3:$P$13,2,FALSE)) | E34: =IF(A34="","",B34*D34)

Sheet 27. pvc Ø300
A1: Chantier | D1: Tâche
A2: BARBAZAN | D2: TUYAUX PVC Ø 300 CLASSE 41 (CR4)
A3: Tache immédiatement antécédante | E3: Quantité | F3: Unité | G3: Rendement | H3: durée
E4: 3.81 | F4: ml | G4: 15ml/h | H4: =H26 -> 0.010740741
A5: Descriptif (source CCTP bordereau …)
A6: Ce prix rémunère au mètre linéaire les traversées sous chaussée de tuyaux en PVC Ø 300 de classe CR4. Il comprend notamment : - l'ouverture de tranchée sous chaussée et évacuation des déblais à la décharge, - la fourniture et l'épandage de sable pour lit de pose, - la fourniture et la pose de fourreaux PVC, - la fourniture et la pose de grillage avertisseur, - la fourniture et le compactage pour fermeture de la tranchée en grave concassée 0/20, - l'épuisement dû éventuellement à la présence d'eau dans la tranchée et aux réseaux existants.
A7: Matériel | E7: Main d'œuvre
A8: désignation | B8: Qté | C8: affectation tâche | E8: désignation | F8: Quantité | G8: affectation tâche
A9: désignation | B9: Qté | C9: affectation tâche | E9: désignation | F9: Quantité | G9: affectation tâche
A10: pelle | B10: 1 | C10: terrassement | E10: chauffeur de pelle | F10: 1 | G10: conduit la pelle
A11: chargeuse | B11: 1 | C11: transport sable | E11: OHQ | F11: 2 | G11: pose
E12: manœuvre | F12: 1 | G12: aide pose
A13: Description du mode opératoire
A16: Calcul de rendement, métré de fourniture, calcul de temps de transport, nombre de tours
A17: dimension | D17: mep lit de pose | G17: Remblai
A18: ml | B18: 4 | D18: Temps s/m2 | E18: =30/3600/24 -> 0.00034722222 | G18: vitesse s/ml | H18: =30/3600/24 -> 0.00034722222
A19: epaisseur | B19: 0.3 | D19: Total | E19: =E18*B21*B22 -> 0.00069444444 | G19: Total | H19: =H18*B26 -> 0.0052083333
A20: Lit de pose | D20: Efficient | E20: =E19*H25 -> 0.00092592593 | G20: Efficient | H20: =H19*H25 -> 0.0069444444
A21: Largeur | B21: =B19+0.2 -> 0.5 | D21: réglage
A22: Longueur | B22: =B18 -> 4 | D22: vitesse s/m2 | E22: =6/3600/24 -> 6.9444444e-05
A23: epaisseur | B23: =0.1 -> 0.1 | D23: Total | E23: =E22*B21*B22 -> 0.00013888889
A24: volume | B24: =B23*B21*B22 -> 0.2 | D24: Efficient | E24: =E23*H25 -> 0.00018518519 | G24: Temps total | H24: =E28+E24+E20+H20 -> 0.0080555556
A25: Remblai | G25: Efficience | H25: =8/6 -> 1.3333333
A26: longueur | B26: 15 | G26: Efficient | H26: =H25*H24 -> 0.010740741
A27: Largeur | B27: 0.31 | G27: rdm | H27: =E4/(15/60) -> 15.24
A28: epaisseur | B28: 0.2
A29: volume | B29: =B26*B27*B28 -> 0.93
A30: FOURNITURE & SOUS-TRAITANCE | F30: Fournisseur
A31: désignation | B31: Qté | C31: Unité | D31: P.U. | E31: Total | F31: Qui? | G31: Distance chantier | H31: Nbre de tours/jour
D33: =IF(A33="","",VLOOKUP(A33,$O$3:$P$13,2,FALSE)) | E33: =IF(A33="","",B33*D33)

Sheet 28.glissire GS2
A1: Chantier | D1: Tâche
A2: BARBAZAN | D2: DEPOSE DE GLISSIERES DE SECURITE GS2
A3: Tache immédiatement antécédante | E3: Quantité | F3: Unité | G3: Rendement | H3: durée
E4: 54.54 | F4: ML | G4: 29,7ml/h | H4: =B27 -> 0.076388889
A5: Descriptif (source CCTP bordereau …)
A6: Ce prix rémunère au mètre linéaire la dépose, l'enlèvement , le transport et le stockage au lieu de dépôt défini par le maître d'oeuvre. Il comprend notamment : - le démontage de la glissière, - l'arrachage des supports, la récupération de la boulonnerie et des accessoires, - l'enlèvement et le transport de l'ensemble jusqu'au lieu de dépôt, - la mise en dépôt dans de bonnes conditions.
A7: Matériel | E7: Main d'œuvre
A8: désignation | B8: Qté | C8: affectation tâche | E8: désignation | F8: Quantité | G8: affectation tâche
E9: manœuvre | F9: 2
E10: chef de chantier | F10: 1
A11: Description du mode opératoire
A15: Calcul de rendement, métré de fourniture, calcul de temps de transport, nombre de tours
A16: Donnée | B16: Quantité | D16: Donnée | E16: Quantité
A17: dimension
A18: longueur | B18: 55
A19: démontage
A20: temps (s)/m | B20: 60
A21: total | B21: =B18*B20 -> 3300
A22: arrachage,récupération divers
A23: temps/m | B23: 60
A24: total | B24: =B18*B23 -> 3300
A26: temps total opération | B26: =B24+B21 -> 6600
B27: =B26/3600/24 -> 0.076388889
A28: rdm | B28: =E4/(1+50/60) -> 29.749091
A29: FOURNITURE & SOUS-TRAITANCE | F29: Fournisseur
A30: désignation | B30: Qté | C30: Unité | D30: P.U. | E30: Total | F30: Qui? | G30: Distance chantier | H30: Nbre de tours/jour
D32: =IF(A32="","",VLOOKUP(A32,$O$3:$P$13,2,FALSE)) | E32: =IF(A32="","",B32*D32)

Sheet Feuil1
G2: droite | H2: gauche | I2: rd pt | J2: rabottage | K2: couche 1+2 | L2: roulable
A3: phasage | G3: 1 | H3: 2 | I3: 3 | J3: 4 | K3: 5 | L3: 6
A4: ARRACHAGE OU ABATTAGE ET DESSOUCHAGE D'ARBRES | B4: U | C4: 8 | D4: ='5.arrchage arbre'!$B$26 -> 0.072222222 | E4: =2/24 -> 0.083333333 | F4: =E4*24/8 -> 0.25 | G4: =E4 -> 0.083333333
A5: DEMOLITION DECOUPE CHAUSSEE A LA SCIE HYDRAULIQUE ( y compris évacuation des gravats) | B5: M² | C5: 223.8 | D5: ='6.démo découpe chaussée'!$B$37 -> 0.025787654 | E5: =1/24 -> 0.041666667 | F5: =E5*24/8 -> 0.125 | G5: =E5/2 -> 0.020833333 | H5: =G5 -> 0.020833333
A6: SCIAGE DE CHAUSSEE A LA SCIE HYDRAULIQUE | B6: Ml | C6: 223.8 | D6: ='7.sciage de chaussé'!$B$19 -> 0.20833333 | E6: =D6 -> 0.20833333 | F6: =E6*24/8 -> 0.625 | G6: =E6/2 -> 0.10416667 | H6: =E6/2 -> 0.10416667
A7: RABOTAGE DE CHAUSSEE | B7: M² | C7: 263.52 | D7: ='8.rabottage'!$E$19 -> 0.021772222 | E7: =1/24 -> 0.041666667 | F7: =E7*24/8 -> 0.125 | J7: =E7 -> 0.041666667
A8: DEMOLITION DE TROTTOIRS OU D'ILOTS | B8: M² | C8: 303.91 | D8: ='9.démolition trottoir illot'!$B$37 -> 0.043773045 | E8: =1.5/24 -> 0.0625 | F8: =E8*24/8 -> 0.1875 | G8: =E8/2 -> 0.03125 | H8: =G8 -> 0.03125
A9: DECAPAGE TERRE VEGETALE | B9: M² | C9: 3021.94 | D9: ='10.décapage terre végé'!$B$37 -> 0.53580247 | E9: =13/24 -> 0.54166667 | F9: =E9*24/8 -> 1.625 | G9: =E9/2 -> 0.27083333 | H9: =G9 -> 0.27083333
A10: REMBLAIS D'EMPRUNT | B10: M³ | C10: 1500 | D10: ='11.remblai d''apport'!$H$42 -> 3.5808448 | E10: =86/24 -> 3.5833333 | F10: =E10*24/8 -> 10.75 | G10: =E10/4 -> 0.89583333 | H10: 0.89583333 | I10: =H10 -> 0.89583333 | J10: =I10 -> 0.89583333
A11: COUCHE DE REPROFILAGE EN GRAVE BITUME CLASSE 2 | B11: T | C11: 306.153 | D11: ='12.couche de reprofilage'!$H$36 -> 0.51825431 | E11: =13/24 -> 0.54166667 | F11: =E11*24/8 -> 1.625 | K11: =E11 -> 0.54166667
A12: COUCHE DE FONDATION EN GRAVE BITUME CLASSE 3 EP=12 CM | B12: T | C12: 1836.918 | D12: ='13.couche de fondation'!$H$38 -> 3.1965086 | E12: =77/24 -> 3.2083333 | F12: =E12*24/8 -> 9.625 | K12: =E12 -> 3.2083333
A13: COUCHE DE REGLAGE GRAVES CONCASSEES 0/20 EP. 10 CM | B13: M³ | C13: 337.395 | D13: ='14.couche de réglage'!$H$38 -> 1.2382543 | E13: =30/24 -> 1.25 | F13: =E13*24/8 -> 3.75 | K13: =E13 -> 1.25
A14: COUCHE DE ROULEMENT EN BETON BITUMINEUX semi grenu 0/14 de classe 3 | B14: T | C14: 525 | D14: ='15.couche de roulement'!$H$59 -> 1.0846435 | E14: =26.5/24 -> 1.1041667 | F14: =E14*24/8 -> 3.3125 | L14: =E14 -> 1.1041667
A15: REPRISE DE TERRE VEGETALE SUR DEPOT | B15: M³ | C15: 277.413 | D15: ='16.reprise terre végé'!$E$17 -> 0.15982642 | E15: =4/24 -> 0.16666667 | F15: =E15*24/8 -> 0.5 | G15: =E15/3 -> 0.055555556 | H15: 0.055555556 | I15: 0.055555556
A16: BORDURES D'ILOTS DE TYPE I1 | B16: ML | C16: 180.7 | D16: ='17.bordure d''ilot type 1'!$H$33 -> 0.50970556 | E16: =12.5/24 -> 0.52083333 | F16: =E16*24/8 -> 1.5625 | G16: =E16/2 -> 0.26041667 | H16: =G16 -> 0.26041667
A17: BORDURES D'ILOTS DE TYPE I2 | B17: ML | C17: 70 | D17: ='18.bordure d''ilot type 2'!$H$33 -> 0.22111111 | E17: =5.5/24 -> 0.22916667 | F17: =E17*24/8 -> 0.6875 | G17: =E17/2 -> 0.11458333 | H17: =G17 -> 0.11458333
A18: BORDURES CANIVEAUX DE TYPE CC1 | B18: Ml | C18: 8.36 | D18: ='19.CC1'!$H$33 -> 0.035308889 | E18: =1/24 -> 0.041666667 | F18: =E18*24/8 -> 0.125 | H18: =E18 -> 0.041666667
A19: CONFECTION DE TROTTOIR EN GRAVE 0/20 + bi-couche | B19: M² | C19: 90.66 | D19: ='20.trottoir'!$H$21 -> 0.053083333 | E19: =1.5/24 -> 0.0625 | F19: =E19*24/8 -> 0.1875 | H19: =E19 -> 0.0625
A20: REMPLISSAGE D'ILOTS EN BETON C20/25 | B20: M² | C20: 145.8 | D20: ='21.remplissage ilot béton'!$H$21 -> 0.076222222 | E20: =2/24 -> 0.083333333 | F20: =E20*24/8 -> 0.25 | G20: =E20/2 -> 0.041666667 | H20: =G20 -> 0.041666667
A21: CONFECTION DE SURFACES EN GALETS MACONNES en surlargeur du giratoire | B21: M² | C21: 90.8 | D21: ='22.confection galet giratoire'!$H$19 -> 0.86401235 | E21: =21/24 -> 0.875 | F21: =E21*24/8 -> 2.625 | I21: =E21 -> 0.875
A22: ILOTS EN BETON ET GALETS DE GARONNE | B22: M² | C22: 236.6 | D22: ='23.ilot béton et galet garonne'!$H$19 -> 2.2504012 | E22: =54.5/24 -> 2.2708333 | F22: =E22*24/8 -> 6.8125 | G22: =E22/3 -> 0.75694444 | H22: =G22 -> 0.75694444 | I22: =H22 -> 0.75694444
A23: CONSTRUCTION DE CUNETTE BETONNEE | B23: Ml | C23: 10.06 | D23: ='24.cunette'!$H$24 -> 0.050925926 | E23: =1.5/24 -> 0.0625 | F23: =E23*24/8 -> 0.1875 | J23: =E23 -> 0.0625
A24: REGARD 40x40 AVEC GRILLE | B24: U | C24: 1 | D24: ='25. regard 40x40'!$E$22 -> 0.0225 | E24: =1/24 -> 0.041666667 | F24: =E24*24/8 -> 0.125 | H24: =E24 -> 0.041666667
A25: FOURNITURE ET POSE GAINE TYPE JANOLENE Ø 110 | B25: ML | C25: 50 | D25: ='26. gaine Ø110'!$B$22 -> 0.13888889 | E25: =3.5/24 -> 0.14583333 | F25: =E25*24/8 -> 0.4375 | I25: =E25 -> 0.14583333
A26: TUYAUX PVC Ø 300 CLASSE 41 (CR4) | B26: Ml | C26: 3.81 | D26: ='27. pvc Ø300'!$H$26 -> 0.010740741 | E26: =0.5/24 -> 0.020833333 | F26: =E26*24/8 -> 0.0625 | H26: =E26 -> 0.020833333
A27: DEPOSE DE GLISSIERES DE SECURITE GS2 | B27: ML | C27: 54.54 | D27: ='28.glissire GS2'!$B$27 -> 0.076388889 | E27: =2/24 -> 0.083333333 | F27: =E27*24/8 -> 0.25 | L27: =E27 -> 0.083333333
F28: total | G28: =SUM(G4:G27) -> 2.6354167 | H28: =SUM(H5:H27) -> 2.71875 | I28: =SUM(I5:I27) -> 2.7291667 | J28: =SUM(J5:J27) -> 1 | K28: =SUM(K5:K27) -> 5 | L28: =SUM(L5:L27) -> 1.1875 | M28: tot | N28: =SUM(G28:L28) -> 15.270833
F29: jours | G29: =G28*24/8 -> 7.90625 | H29: =H28*24/8 -> 8.15625 | I29: =I28*24/8 -> 8.1875 | J29: =J28*24/8 -> 3 | K29: =K28*24/8 -> 15 | L29: =L28*24/8 -> 3.5625 | M29: =SUM(G29:L29) -> 45.8125
