Workbook
Name OLE_LINK1: '1.2'!#REF!
Name OLE_LINK1_1: '1.6'!#REF!

Sheet Bilan
P1: Fichier publié le 19/08/2021
C4: QCM CONCEPTEUR "C" | F4: QCM ENCADRANT "E" | I4: QCM OPERATEUR "O" | L4: Nombre Questions | P4: Légendes :
C5: Nb | D5: Prio. | E5: Illust. | F5: Nb | G5: Prio. | H5: Illust. | I5: Nb | J5: Prio. | K5: Illust. | L5: Nb | M5: Prio. | N5: Illust. | P5: QCM illustré (1) | T5: I
B6: 1. Responsable de projet avant les chantiers | P6: QCM dit "prioritaire" | T6: P
B7: 1.1 DT | C7: ='1.1'!#REF! -> #REF! | D7: ='1.1'!#REF! -> #REF! | E7: ='1.1'!#REF! -> #REF! | F7: ='1.1'!C$4 -> 11 | G7: ='1.1'!C$6 -> 2 | H7: ='1.1'!C$5 -> 2 | I7: ='1.1'!#REF! -> #REF! | J7: ='1.1'!#REF! -> #REF! | K7: ='1.1'!#REF! -> #REF! | L7: ='1.1'!D$4 -> 12 | M7: ='1.1'!D$6 -> 2 | N7: ='1.1'!D$5 -> 2 | P7: QCM du "tronc commun Opérateur" | T7: TC OPERATEUR
B8: 1.2 Analyse des réponses - IC - Cartographie | C8: ='1.2'!#REF! -> #REF! | D8: ='1.2'!#REF! -> #REF! | E8: ='1.2'!#REF! -> #REF! | F8: ='1.2'!C$4 -> 9 | G8: ='1.2'!C$6 -> 0 | H8: ='1.2'!C$5 -> 2 | I8: ='1.2'!#REF! -> #REF! | J8: ='1.2'!#REF! -> #REF! | K8: ='1.2'!#REF! -> #REF! | L8: ='1.2'!D$4 -> 9 | M8: ='1.2'!D$6 -> 0 | N8: ='1.2'!D$5 -> 2 | P8: Référerences réglementaires du QCM | T8: R554-25
B9: 1.3 Clauses dans les marchés et DCE | C9: ='1.3'!#REF! -> #REF! | D9: ='1.3'!#REF! -> #REF! | E9: ='1.3'!#REF! -> #REF! | F9: ='1.3'!C$4 -> 2 | G9: ='1.3'!C$6 -> 0 | H9: ='1.3'!C$5 -> 0 | I9: ='1.3'!#REF! -> #REF! | J9: ='1.3'!#REF! -> #REF! | K9: ='1.3'!#REF! -> #REF! | L9: ='1.3'!D$4 -> 2 | M9: ='1.3'!D$6 -> 0 | N9: ='1.3'!D$5 -> 0
B10: 1.4 Marquage - Piquetage | C10: ='1.4'!#REF! -> #REF! | D10: ='1.4'!#REF! -> #REF! | E10: ='1.4'!#REF! -> #REF! | F10: ='1.4'!C$4 -> 7 | G10: ='1.4'!C$6 -> 1 | H10: ='1.4'!C$5 -> 3 | I10: ='1.4'!#REF! -> #REF! | J10: ='1.4'!#REF! -> #REF! | K10: ='1.4'!#REF! -> #REF! | L10: ='1.4'!D$4 -> 7 | M10: ='1.4'!D$6 -> 1 | N10: ='1.4'!D$5 -> 3 | P10: (1) Toutes les illustrations sont dans le fichier ZIP joint
B11: 1.5 Compétences des personnels | C11: ='1.5'!#REF! -> #REF! | D11: ='1.5'!#REF! -> #REF! | E11: ='1.5'!#REF! -> #REF! | F11: ='1.5'!C$4 -> 0 | G11: ='1.5'!C$6 -> 0 | H11: ='1.5'!C$5 -> 0 | I11: ='1.5'!#REF! -> #REF! | J11: ='1.5'!#REF! -> #REF! | K11: ='1.5'!#REF! -> #REF! | L11: ='1.5'!D$4 -> 0 | M11: ='1.5'!D$6 -> 0 | N11: ='1.5'!D$5 -> 0 | P11: Nota important : parmi les 250 QCM de ce fichier, 103 ont fait l'objet d'une modification ou ont été ajoutée. Elle sont publiées pour information sur le site du GU le 19/08/2021
B12: 1.6 Cartographie | C12: ='1.6'!#REF! -> #REF! | D12: ='1.6'!#REF! -> #REF! | E12: ='1.6'!#REF! -> #REF! | F12: ='1.6'!C$4 -> 8 | G12: ='1.6'!C$6 -> 1 | H12: ='1.6'!C$5 -> 1 | I12: ='1.6'!#REF! -> #REF! | J12: ='1.6'!#REF! -> #REF! | K12: ='1.6'!#REF! -> #REF! | L12: ='1.6'!D$4 -> 8 | M12: ='1.6'!D$6 -> 1 | N12: ='1.6'!D$5 -> 1 | P12: en application du V de l'article 3 Arrêté du 22 décembre 2015 relatif au contrôle des compétences des personnes intervenant dans les travaux à proximité des réseaux
B13: 2. Exécutants avant les chantiers | P13: et seront suceptibles de figurer à l'examen à complter du 19 novembre 2021
B14: 2.1 DICT | C14: ='2.1'!#REF! -> #REF! | D14: ='2.1'!#REF! -> #REF! | E14: ='2.1'!#REF! -> #REF! | F14: ='2.1'!C$4 -> 3 | G14: ='2.1'!C$6 -> 1 | H14: ='2.1'!C$5 -> 0 | I14: ='2.1'!#REF! -> #REF! | J14: ='2.1'!#REF! -> #REF! | K14: ='2.1'!#REF! -> #REF! | L14: ='2.1'!D$4 -> 3 | M14: ='2.1'!D$6 -> 1 | N14: ='2.1'!D$5 -> 0 | P14: 1-1_007 | Q14: 1-5_011 | R14: 2-4_014 | S14: 2-5_026 | T14: 3-2_017o | U14: 3-3_051
B15: 2.2 Analyse des réponses, du DCE et du marché | C15: ='2.2'!#REF! -> #REF! | D15: ='2.2'!#REF! -> #REF! | E15: ='2.2'!#REF! -> #REF! | F15: ='2.2'!C$4 -> 17 | G15: ='2.2'!C$6 -> 3 | H15: ='2.2'!C$5 -> 4 | I15: ='2.2'!#REF! -> #REF! | J15: ='2.2'!#REF! -> #REF! | K15: ='2.2'!#REF! -> #REF! | L15: ='2.2'!D$4 -> 17 | M15: ='2.2'!D$6 -> 3 | N15: ='2.2'!D$5 -> 4 | P15: 1-1_012 | Q15: 1-6_011 | R15: 2-4_019o | S15: 2-5_031 | T15: 3-2_028 | U15: 3-3_052
B16: 2.3 Compétences des personnels | C16: ='2.3'!#REF! -> #REF! | D16: ='2.3'!#REF! -> #REF! | E16: ='2.3'!#REF! -> #REF! | F16: ='2.3'!C$4 -> 16 | G16: ='2.3'!C$6 -> 4 | H16: ='2.3'!C$5 -> 14 | I16: ='2.3'!#REF! -> #REF! | J16: ='2.3'!#REF! -> #REF! | K16: ='2.3'!#REF! -> #REF! | L16: ='2.3'!D$4 -> 16 | M16: ='2.3'!D$6 -> 4 | N16: ='2.3'!D$5 -> 14 | P16: 1-1_013 | Q16: 1-6_016ce | R16: 2-4_019ce | S16: 2-5_032 | T16: 3-2_029 | U16: 3-3_053
B17: 2.4 Application du guide technique | C17: ='2.4'!#REF! -> #REF! | D17: ='2.4'!#REF! -> #REF! | E17: ='2.4'!#REF! -> #REF! | F17: ='2.4'!C$4 -> 28 | G17: ='2.4'!C$6 -> 4 | H17: ='2.4'!C$5 -> 16 | I17: ='2.4'!#REF! -> #REF! | J17: ='2.4'!#REF! -> #REF! | K17: ='2.4'!#REF! -> #REF! | L17: ='2.4'!D$4 -> 28 | M17: ='2.4'!D$6 -> 4 | N17: ='2.4'!D$5 -> 16 | P17: 1-1_015 | Q17: 1-6_018 | R17: 2-4_033 | S17: 2-5_033 | T17: 3-3_007
B18: 2.5 Lecture des indices et affleurants | C18: ='2.5'!#REF! -> #REF! | D18: ='2.5'!#REF! -> #REF! | E18: ='2.5'!#REF! -> #REF! | F18: ='2.5'!C$4 -> 25 | G18: ='2.5'!C$6 -> 1 | H18: ='2.5'!C$5 -> 23 | I18: ='2.5'!#REF! -> #REF! | J18: ='2.5'!#REF! -> #REF! | K18: ='2.5'!#REF! -> #REF! | L18: ='2.5'!D$4 -> 25 | M18: ='2.5'!D$6 -> 1 | N18: ='2.5'!D$5 -> 23 | P18: 1-1_016 | Q18: 2-1_005 | R18: 2-4_036 | S18: 3-1_010 | T18: 3-3_008
B19: 2.6 Travaux sans tranchée | C19: ='2.6'!C$4 -> 1 | D19: ='2.6'!C$6 -> 0 | E19: ='2.6'!C$5 -> 1 | F19: ='2.6'!D$4 -> 1 | G19: ='2.6'!D$6 -> 0 | H19: ='2.6'!D$5 -> 1 | I19: ='2.6'!E$4 -> 1 | J19: ='2.6'!E$6 -> 0 | K19: ='2.6'!E$5 -> 1 | L19: ='2.6'!F$4 -> 1 | M19: ='2.6'!F$6 -> 0 | N19: ='2.6'!F$5 -> 1 | P19: 1-1_031 | Q19: 2-2_007 | R19: 2-4_038 | S19: 3-1_011 | T19: 3-3_009
B20: 3. Au cours du chantier | P20: 1-1_032 | Q20: 2-2_008 | R20: 2-4_042 | S20: 3-1_011e | T20: 3-3_011
B21: 3.1 Constat d'arrêt ou de sursis | C21: ='3.1'!#REF! -> #REF! | D21: ='3.1'!#REF! -> #REF! | E21: ='3.1'!#REF! -> #REF! | F21: ='3.1'!C$4 -> 7 | G21: ='3.1'!C$6 -> 1 | H21: ='3.1'!C$5 -> 5 | I21: ='3.1'!#REF! -> #REF! | J21: ='3.1'!#REF! -> #REF! | K21: ='3.1'!#REF! -> #REF! | L21: ='3.1'!D$4 -> 7 | M21: ='3.1'!D$6 -> 1 | N21: ='3.1'!D$5 -> 5 | P21: 1-1_033 | Q21: 2-2_009 | R21: 2-4_043 | S21: 3-1_012 | T21: 3-3_015
B22: 3.2 Constat de dommage | C22: ='3.2'!#REF! -> #REF! | D22: ='3.2'!#REF! -> #REF! | E22: ='3.2'!#REF! -> #REF! | F22: ='3.2'!C$4 -> 14 | G22: ='3.2'!C$6 -> 3 | H22: ='3.2'!C$5 -> 9 | I22: ='3.2'!#REF! -> #REF! | J22: ='3.2'!#REF! -> #REF! | K22: ='3.2'!#REF! -> #REF! | L22: ='3.2'!D$4 -> 15 | M22: ='3.2'!D$6 -> 3 | N22: ='3.2'!D$5 -> 10 | P22: 1-2_003 | Q22: 2-2_014 | R22: 2-4_044 | S22: 3-1_013 | T22: 3-3_017
B23: 3.3 Opérations sur chantier | C23: ='3.3'!#REF! -> #REF! | D23: ='3.3'!#REF! -> #REF! | E23: ='3.3'!#REF! -> #REF! | F23: ='3.3'!C$4 -> 34 | G23: ='3.3'!C$6 -> 1 | H23: ='3.3'!C$5 -> 28 | I23: ='3.3'!#REF! -> #REF! | J23: ='3.3'!#REF! -> #REF! | K23: ='3.3'!#REF! -> #REF! | L23: ='3.3'!D$4 -> 34 | M23: ='3.3'!D$6 -> 1 | N23: ='3.3'!D$5 -> 28 | P23: 1-2_004 | Q23: 2-2_015 | R23: 2-4_045 | S23: 3-1_014o | T23: 3-3_033
B24: TOTAL | C24: =SUM(C7:C23) -> #REF! | D24: =SUM(D7:D23) -> #REF! | E24: =SUM(E7:E23) -> #REF! | F24: =SUM(F7:F23) -> 182 | G24: =SUM(G7:G23) -> 22 | H24: =SUM(H7:H23) -> 108 | I24: =SUM(I7:I23) -> #REF! | J24: =SUM(J7:J23) -> #REF! | ... N24: =SUM(N7:N23) -> 109 | P24: 1-2_006 | Q24: 2-3_018 | R24: 2-4_046 | S24: 3-1_014e | T24: 3-3_041
P25: 1-2_007 | Q25: 2-3_020 | R25: 2-4_047 | S25: 3-1_015 | T25: 3-3_042
P26: 1-2_009 | Q26: 2-3_016 | R26: 2-4_048 | S26: 3-1_016 | T26: 3-3_043
P27: 1-2_023 | Q27: 2-3_028 | R27: 2-5_005 | S27: 3-1_017 | T27: 3-3_044
P28: 1-3_011 | Q28: 2-3_029 | R28: 2-5_008 | S28: 3-1_018 | T28: 3-3_045
P29: 1-3_012 | Q29: 2-4_004 | R29: 2-5_009 | S29: 3-1_019 | T29: 3-3_046
P30: 1-4_004 | Q30: 2-4_007 | R30: 2-5_010 | S30: 3-1_020 | T30: 3-3_047
P31: 1-4_008 | Q31: 2-4_008 | R31: 2-5_011 | S31: 3-2_014e | T31: 3-3_048
P32: 1-5_001 | Q32: 2-4_011 | R32: 2-5_012 | S32: 3-2_014 | T32: 3-3_049
P33: 1-5_002 | Q33: 2-4_012 | R33: 2-5_013 | S33: 3-2_017e | T33: 3-3_050

Sheet 1.1
A1: =Bilan!B7 -> 1.1 DT
C3: E | D3: Total
B4: Nb quest. | C4: =COUNTIF(C8:C630,C3) -> 11 | D4: =COUNTA(B8:B630) -> 12
B5: Illust. | C5: =COUNTIF(C8:C630,"i")+COUNTIF(C8:C630,"p i") -> 2 | D5: =COUNTIF(A8:A630,"I") -> 2
B6: Prio | C6: =COUNTIF(C8:C630,"p")+COUNTIF(C8:C630,"p i") -> 2 | D6: =COUNTIF(A8:A630,"P") -> 2
B8: 1-1_001 | D8: Si je ne prévois pas de clause particulière dans le marché de travaux, je devrai renouveler la DT au bout de :
C9: =IF(C8="E",IF(A9="P",IF(A8="I","p i","p"),IF(A8="I","i"," ")),"") | D9: A | E9: 1 mois
A10: R554-33I | D10: B | E10: 3 mois
D11: C | E11: 6 mois
D12: D | E12: Je ne sais pas
B14: 1-1_002 | C14: E | D14: Qui doit établir la DT ?
A15: P | C15: =IF(C14="E",IF(A15="P",IF(A14="I","p i","p"),IF(A14="I","i"," ")),"") -> p | D15: A | E15: Le responsable de projet
A16: R554-21 | D16: B | E16: L’exécutant des travaux
D17: C | E17: L’exploitant de réseau
D18: D | E18: Je ne sais pas
B20: 1-1_003 | C20: E | D20: Qui doit envoyer la DT aux exploitants des réseaux concernés ?
C21: =IF(C20="E",IF(A21="P",IF(A20="I","p i","p"),IF(A20="I","i"," ")),"") | D21: A | E21: Le guichet unique
A22: R554-21 | D22: B | E22: Le responsable de projet
D23: C | E23: Le responsable de l'entreprise exécutant les travaux
D24: D | E24: Je ne sais pas
B26: 1-1_006 | C26: E | D26: Parmi les travaux suivants, quels sont ceux qui répondent à la définition de "Travaux Urgents" ?
C27: =IF(C26="E",IF(A27="P",IF(A26="I","p i","p"),IF(A26="I","i"," ")),"") | D27: A | E27: Les travaux de rétablissement d'un service public après une coupure accidentelle
A28: R554-32 | D28: B | E28: Les travaux de raccordement d’une nouvelle habitation
D29: C | E29: La pose de mobiliers urbains pour une manifestation
D30: D | E30: Je ne sais pas
B32: 1-1_007 | C32: E | D32: La procédure d'Avis de Travaux Urgents diffère notamment selon :
C33: =IF(C32="E",IF(A33="P",IF(A32="I","p i","p"),IF(A32="I","i"," ")),"") | D33: A | E33: Le délai d'intervention et le type de réseaux présents
A34: R554-32 | D34: B | E34: Le gestionnaire du lieu d'intervention
D35: C | E35: La personne qui l'envoie
D36: D | E36: Je ne sais pas
B39: 1-1_008 | C39: E | D39: Dans lequel des cas suivants le responsable de projet est dispensé de DT ?
C40: =IF(C39="E",IF(A40="P",IF(A39="I","p i","p"),IF(A39="I","i"," ")),"") | D40: A | E40: Le reprofilage de fossés
A41: R554-1 | D41: B | E41: Les travaux agricoles ou horticoles à moins de 40 cm de profondeur
D42: C | E42: Le décapage d'une chaussée à moins de 15 cm de profondeur
D43: D | E43: Je ne sais pas
A45: I | B45: 1-1_009 | C45: E | D45: La DT et la DICT sont obligatoires si les travaux s'approchent, en projection horizontale, d'une ligne aérienne à très haute tension et à conducteurs nus à moins de : | G45: x
C46: =IF(C45="E",IF(A46="P",IF(A45="I","p i","p"),IF(A45="I","i"," ")),"") -> i | D46: A | E46: 7 mètres
A47: R554-1 | D47: B | E47: 3 mètres
D48: C | E48: 5 mètres
D49: D | E49: Je ne sais pas
A51: I | B51: 1-1_010 | C51: E | D51: La DT et la DICT sont obligatoires si les travaux s'approchent, en projection horizontale, d'une ligne aérienne à basse tension et à conducteurs nus à moins de : | G51: x
C52: =IF(C51="E",IF(A52="P",IF(A51="I","p i","p"),IF(A51="I","i"," ")),"") -> i | D52: A | E52: 7 mètres
A53: A15-2-12/art5 | D53: B | E53: 3 mètres
D54: C | E54: 5 mètres
D55: D | E55: Je ne sais pas
B57: 1-1_012 | C57: E | D57: Le remplacement d'un potelet est dispensé de DT et DICT lorsqu'il est effectué :
C58: =IF(C57="E",IF(A58="P",IF(A57="I","p i","p"),IF(A57="I","i"," ")),"") | D58: A | E58: Avec élargissement de la fouille initiale, jusqu'à 20 cm de profondeur
A59: R554-1 | D59: B | E59: Sans élargissement de la fouille initiale, jusqu'à 60 cm de profondeur
D60: C | E60: Sans élargissement de la fouille initiale, jusqu'à 40 cm de profondeur
D61: D | E61: Je ne sais pas
B63: 1-1_013 | C63: E | D63: Je suis à la fois responsable de projet et exécutant de travaux. Je peux faire :
C64: =IF(C63="E",IF(A64="P",IF(A63="I","p i","p"),IF(A63="I","i"," ")),"") | D64: A | E64: Uniquement une DICT
A65: R554-25IV | D65: B | E65: Uniquement une DT
D66: C | E66: Une DT-DICT conjointe
D67: D | E67: Je ne sais pas
B69: 1-1_014 | C69: E | D69: La DT-DICT conjointe doit être remplie :
A70: P | C70: =IF(C69="E",IF(A70="P",IF(A69="I","p i","p"),IF(A69="I","i"," ")),"") -> p | D70: A | E70: Entièrement par le responsable de projet
A71: R554-25IV | D71: B | E71: Entièrement par l'exécutant des travaux
D72: C | E72: Par le responsable de projet pour le volet DT et par l'exécutant des travaux pour le volet DICT
D73: D | E73: Je ne sais pas
B75: 1-1_016 | C75: E | D75: Préalablement à des travaux urgents, je dois toujours contacter par téléphone tous les exploitants :
C76: =IF(C75="E",IF(A76="P",IF(A75="I","p i","p"),IF(A75="I","i"," ")),"") | D76: A | E76: Mentionnés par le guichet unique
A77: R554-32 | D77: B | E77: De réseaux sensibles pour la sécurité
D78: C | E78: De réseaux de transport de gaz, d'hydrocarbures ou de produits chimiques (TMD)
D79: D | E79: Je ne sais pas
C126: =IF(C125="E",IF(A126="P",IF(A125="I","p i","p"),IF(A125="I","i"," ")),"")
C133: =IF(C132="E",IF(A133="P",IF(A132="I","p i","p"),IF(A132="I","i"," ")),"")
C140: =IF(C139="E",IF(A140="P",IF(A139="I","p i","p"),IF(A139="I","i"," ")),"")
C147: =IF(C146="E",IF(A147="P",IF(A146="I","p i","p"),IF(A146="I","i"," ")),"")
C154: =IF(C153="E",IF(A154="P",IF(A153="I","p i","p"),IF(A153="I","i"," ")),"")
C161: =IF(C160="E",IF(A161="P",IF(A160="I","p i","p"),IF(A160="I","i"," ")),"")
C168: =IF(C167="E",IF(A168="P",IF(A167="I","p i","p"),IF(A167="I","i"," ")),"")
C175: =IF(C174="E",IF(A175="P",IF(A174="I","p i","p"),IF(A174="I","i"," ")),"")
C182: =IF(C181="E",IF(A182="P",IF(A181="I","p i","p"),IF(A181="I","i"," ")),"")
C189: =IF(C188="E",IF(A189="P",IF(A188="I","p i","p"),IF(A188="I","i"," ")),"")
C196: =IF(C195="E",IF(A196="P",IF(A195="I","p i","p"),IF(A195="I","i"," ")),"")
C203: =IF(C202="E",IF(A203="P",IF(A202="I","p i","p"),IF(A202="I","i"," ")),"")
... C448: =IF(C447="E",IF(A448="P",IF(A447="I","p i","p"),IF(A447="I","i"," ")),"")

Sheet 1.2
A1: =Bilan!B8 -> 1.2 Analyse des réponses - IC - Cartographie
C3: E | D3: Total
B4: Nb quest. | C4: =COUNTIF(C8:C642,C3) -> 9 | D4: =COUNTA(B8:B642) -> 9
B5: Illust. | C5: =COUNTIF(C8:C642,"i")+COUNTIF(C8:C642,"p i") -> 2 | D5: =COUNTIF(A8:A642,"I") -> 2
B6: Prio | C6: =COUNTIF(C8:C642,"p")+COUNTIF(C8:C642,"p i") -> 0 | D6: =COUNTIF(A8:A642,"P") -> 0
B9: 1-2_009 | C9: E | D9: Un exploitant de réseau mentionne la classe de précision C dans les plans envoyés en réponse à une DT ou une DICT. Cela signifie que l'incertitude maximale de localisation pour le réseau principal est :
C10: =IF(C9="E",IF(A10="P",IF(A9="I","p i","p"),IF(A9="I","i"," ")),"") | D10: A | E10: Inférieure ou égale à 50 cm
A11: A15-2-12/art1-3° | D11: B | E11: Inférieure ou égale à 1,5 m
D12: C | E12: Supérieure à 1,5 m
D13: D | E13: Je ne sais pas
B15: 1-2_010 | C15: E | D15: Un exploitant de réseau mentionne la classe de précision B dans les plans envoyés en réponse à une DT ou une DICT. Cela signifie que l'incertitude maximale de localisation pour le réseau principal est :
C16: =IF(C15="E",IF(A16="P",IF(A15="I","p i","p"),IF(A15="I","i"," ")),"") | D16: A | E16: Inférieure ou égale à 50 cm
A17: A15-2-12/art1-3° | D17: B | E17: Inférieure ou égale à 1,5 m
D18: C | E18: Supérieure à 1,5 m
D19: D | E19: Je ne sais pas
B21: 1-2_011 | C21: E | D21: Un exploitant de réseau flexible mentionne la classe de précision A dans les plans envoyés en réponse à une DT ou une DICT. Cela signifie que l'incertitude maximale de localisation est :
C22: =IF(C21="E",IF(A22="P",IF(A21="I","p i","p"),IF(A21="I","i"," ")),"") | D22: A | E22: Inférieure ou égale à 40 cm
A23: A15-2-12/art1-3° | D23: B | E23: Inférieure ou égale à 50 cm
D24: C | E24: Inférieure ou égale à 1,5 m
D25: E | E25: Je ne sais pas
B27: 1-2_012 | C27: E | D27: Un exploitant de réseau rigide mentionne la classe de précision A dans les plans envoyés en réponse à une DT ou une DICT. Cela signifie que l'incertitude maximale de localisation est :
C28: =IF(C27="E",IF(A28="P",IF(A27="I","p i","p"),IF(A27="I","i"," ")),"") | D28: A | E28: Inférieure ou égale à 40 cm
A29: A15-2-12/art1-3° | D29: B | E29: Inférieure ou égale à 50 cm
D30: C | E30: Inférieure ou égale à 1,5 m
D31: E | E31: Je ne sais pas
B33: 1-2_013 | C33: E | D33: En réponse à une DT ou une DICT, lorsqu'un exploitant de réseau fournit les données de localisation de son réseau lors d'une réunion sur site sans préciser la classe de précision de ces données, la classe de précision à retenir est :
C34: =IF(C33="E",IF(A34="P",IF(A33="I","p i","p"),IF(A33="I","i"," ")),"") | D34: A | E34: Toujours la classe A
A35: A15-2-12/art5 | D35: B | E35: La classe A si le réseau est sensible, la classe B ou C si le réseau n'est pas sensible
D36: C | E36: La classe de précision doit toujours être précisée par l'exploitant
D37: D | E37: Je ne sais pas
A39: I | B39: 1-2_014 | C39: E | D39: Parmi les réseaux suivants, un seul est classé non sensible pour la sécurité par la règlementation. Lequel ?
C40: =IF(C39="E",IF(A40="P",IF(A39="I","p i","p"),IF(A39="I","i"," ")),"") -> i | D40: A | E40: Un réseau de chaleur
A41: R554-2 | D41: B | E41: Un réseau de tramway
D42: C | E42: Un réseau d'assainissement
D43: D | E43: Je ne sais pas
A45: I | B45: 1-2_015 | C45: E | D45: Parmi les réseaux suivants, un seul est classé sensible pour la sécurité par la règlementation. Lequel ?
C46: =IF(C45="E",IF(A46="P",IF(A45="I","p i","p"),IF(A45="I","i"," ")),"") -> i | D46: A | E46: Un réseau de télécommunication
A47: R554-2 | D47: B | E47: Un réseau électrique
D48: C | E48: Un réseau d'eau potable
D49: D | E49: Je ne sais pas
B51: 1-2_017 | C51: E | D51: Qui est responsable de la justesse du classement de la cartographie d'un réseau dans la classe A, B ou C fournie en réponse à la DT ou à la DICT ?
C52: =IF(C51="E",IF(A52="P",IF(A51="I","p i","p"),IF(A51="I","i"," ")),"") | D52: A | E52: Le propriétaire du réseau concerné
A53: A15-2-12/art5 | D53: B | E53: L'exploitant du réseau concerné
D54: C | E54: Le prestataire certifié qui a effectué le récolement du réseau concerné
D55: D | E55: Je ne sais pas
B57: 1-2_023 | C57: E | D57: Lorsque l'exploitant demande dans son récépissé de DT, des investigations complémentaires, le responsable de projet est dispensé de les réaliser lorsque :
C58: =IF(C57="E",IF(A58="P",IF(A57="I","p i","p"),IF(A57="I","i"," ")),"") | D58: A | E58: La zone d’emprise des travaux affectant le sol est supérieure à 100 m²
A59: A15-2-12/art6II | D59: B | E59: La zone d’emprise des travaux affectant le sol est inférieure à 100 m²
D60: C | E60: L’ensemble du personnel de l’exécutant des travaux dispose de l’AIPR
D61: D | E61: Je ne sais pas
C215: =IF(C214="E",IF(A215="P",IF(A214="I","p i","p"),IF(A214="I","i"," ")),"")
C222: =IF(C221="E",IF(A222="P",IF(A221="I","p i","p"),IF(A221="I","i"," ")),"")
C229: =IF(C228="E",IF(A229="P",IF(A228="I","p i","p"),IF(A228="I","i"," ")),"")
C236: =IF(C235="E",IF(A236="P",IF(A235="I","p i","p"),IF(A235="I","i"," ")),"")
C243: =IF(C242="E",IF(A243="P",IF(A242="I","p i","p"),IF(A242="I","i"," ")),"")
C250: =IF(C249="E",IF(A250="P",IF(A249="I","p i","p"),IF(A249="I","i"," ")),"")
C257: =IF(C256="E",IF(A257="P",IF(A256="I","p i","p"),IF(A256="I","i"," ")),"")
C264: =IF(C263="E",IF(A264="P",IF(A263="I","p i","p"),IF(A263="I","i"," ")),"")
C271: =IF(C270="E",IF(A271="P",IF(A270="I","p i","p"),IF(A270="I","i"," ")),"")
C278: =IF(C277="E",IF(A278="P",IF(A277="I","p i","p"),IF(A277="I","i"," ")),"")
C285: =IF(C284="E",IF(A285="P",IF(A284="I","p i","p"),IF(A284="I","i"," ")),"")
C292: =IF(C291="E",IF(A292="P",IF(A291="I","p i","p"),IF(A291="I","i"," ")),"")
... C439: =IF(C438="E",IF(A439="P",IF(A438="I","p i","p"),IF(A438="I","i"," ")),"")
C446: =IF(C445="E",IF(A446="Prioritaire",IF(A445="I","p i","p"),IF(A445="I","i"," ")),"")
C453: =IF(C452="E",IF(A453="Prioritaire",IF(A452="I","p i","p"),IF(A452="I","i"," ")),"")
C460: =IF(C459="E",IF(A460="Prioritaire",IF(A459="I","p i","p"),IF(A459="I","i"," ")),"")

Sheet 1.3
A1: =Bilan!B9 -> 1.3 Clauses dans les marchés et DCE
C3: E | D3: Total
B4: Nb quest. | C4: =COUNTIF(C8:C608,C3) -> 2 | D4: =COUNTA(B8:B608) -> 2
B5: Illust. | C5: =COUNTIF(C8:C608,"i")+COUNTIF(C8:C608,"p i") -> 0 | D5: =COUNTIF(A8:A608,"I") -> 0
B6: Prio | C6: =COUNTIF(C8:C608,"p")+COUNTIF(C8:C608,"p i") -> 0 | D6: =COUNTIF(A8:A608,"P") -> 0
B8: 1-3_001 | C8: E | D8: Si le marché de travaux ne prévoit pas de clauses spécifiques, la DT :
A9: R554-22V | D9: A | E9: Reste valide sans limite de temps
D10: B | E10: Est seulement valide 3 mois
D11: C | E11: Est seulement valide 6 mois
D12: D | E12: Je ne sais pas
B14: 1-3_003 | C14: E | D14: Dans le cas où un exploitant de réseau sensible ne répond pas dans le délai réglementaire à la DICT et à sa relance, l'exécutant :
C15: =IF(C14="E",IF(A15="P",IF(A14="I","p i","p"),IF(A14="I","i"," ")),"") | D15: A | E15: Ne démarre pas les travaux et ne subit pas de préjudice lié au report
A16: R554-26VI | D16: B | E16: Démarre les travaux après un délai complémentaire de 9 jours
D17: C | E17: Démarre les travaux en prenant les précautions particulières prévues par le guide technique
D18: D | E18: Je ne sais pas
C55: =IF(C54="E",IF(A55="P",IF(A54="I","p i","p"),IF(A54="I","i"," ")),"")
C62: =IF(C61="E",IF(A62="P",IF(A61="I","p i","p"),IF(A61="I","i"," ")),"")
C69: =IF(C68="E",IF(A69="P",IF(A68="I","p i","p"),IF(A68="I","i"," ")),"")
C76: =IF(C75="E",IF(A76="P",IF(A75="I","p i","p"),IF(A75="I","i"," ")),"")
C83: =IF(C82="E",IF(A83="P",IF(A82="I","p i","p"),IF(A82="I","i"," ")),"")
C90: =IF(C89="E",IF(A90="P",IF(A89="I","p i","p"),IF(A89="I","i"," ")),"")
C97: =IF(C96="E",IF(A97="P",IF(A96="I","p i","p"),IF(A96="I","i"," ")),"")
C104: =IF(C103="E",IF(A104="P",IF(A103="I","p i","p"),IF(A103="I","i"," ")),"")
C111: =IF(C110="E",IF(A111="P",IF(A110="I","p i","p"),IF(A110="I","i"," ")),"")
C118: =IF(C117="E",IF(A118="P",IF(A117="I","p i","p"),IF(A117="I","i"," ")),"")
C125: =IF(C124="E",IF(A125="P",IF(A124="I","p i","p"),IF(A124="I","i"," ")),"")
C132: =IF(C131="E",IF(A132="P",IF(A131="I","p i","p"),IF(A131="I","i"," ")),"")
C139: =IF(C138="E",IF(A139="P",IF(A138="I","p i","p"),IF(A138="I","i"," ")),"")
C140: =IF(C139="E",IF(A140="Prioritaire",IF(A139="I","p i","p"),IF(A139="I","i"," ")),"")
C146: =IF(C145="E",IF(A146="P",IF(A145="I","p i","p"),IF(A145="I","i"," ")),"")
C153: =IF(C152="E",IF(A153="P",IF(A152="I","p i","p"),IF(A152="I","i"," ")),"")
C160: =IF(C159="E",IF(A160="P",IF(A159="I","p i","p"),IF(A159="I","i"," ")),"")
C167: =IF(C166="E",IF(A167="P",IF(A166="I","p i","p"),IF(A166="I","i"," ")),"")
C174: =IF(C173="E",IF(A174="P",IF(A173="I","p i","p"),IF(A173="I","i"," ")),"")
C181: =IF(C180="E",IF(A181="P",IF(A180="I","p i","p"),IF(A180="I","i"," ")),"")
C188: =IF(C187="E",IF(A188="P",IF(A187="I","p i","p"),IF(A187="I","i"," ")),"")
C195: =IF(C194="E",IF(A195="P",IF(A194="I","p i","p"),IF(A194="I","i"," ")),"")
C202: =IF(C201="E",IF(A202="P",IF(A201="I","p i","p"),IF(A201="I","i"," ")),"")
C209: =IF(C208="E",IF(A209="P",IF(A208="I","p i","p"),IF(A208="I","i"," ")),"")
C216: =IF(C215="E",IF(A216="P",IF(A215="I","p i","p"),IF(A215="I","i"," ")),"")
C223: =IF(C222="E",IF(A223="P",IF(A222="I","p i","p"),IF(A222="I","i"," ")),"")
... C405: =IF(C404="E",IF(A405="P",IF(A404="I","p i","p"),IF(A404="I","i"," ")),"")
C412: =IF(C411="E",IF(A412="Prioritaire",IF(A411="I","p i","p"),IF(A411="I","i"," ")),"")
C419: =IF(C418="E",IF(A419="Prioritaire",IF(A418="I","p i","p"),IF(A418="I","i"," ")),"")
C426: =IF(C425="E",IF(A426="Prioritaire",IF(A425="I","p i","p"),IF(A425="I","i"," ")),"")

Sheet 1.4
A1: =Bilan!B10 -> 1.4 Marquage - Piquetage
C3: E | D3: Total
B4: Nb quest. | C4: =COUNTIF(C8:C640,C3) -> 7 | D4: =COUNTA(B8:B640) -> 7
B5: Illust. | C5: =COUNTIF(C8:C640,"i")+COUNTIF(C8:C640,"p i") -> 3 | D5: =COUNTIF(A8:A640,"I") -> 3
B6: Prio | C6: =COUNTIF(C8:C640,"p")+COUNTIF(C8:C640,"p i") -> 1 | D6: =COUNTIF(A8:A640,"P") -> 1
B8: 1-4_001 | C8: E | D8: Lorsque l’exploitant de réseau ne fournit pas de plan en réponse à la DICT, qui a la responsabilité du marquage-piquetage dans le cadre d'une réunion sur site ?
C9: =IF(C8="E",IF(A9="P",IF(A8="I","p i","p"),IF(A8="I","i"," ")),"") | D9: A | E9: L’entreprise de travaux
A10: R554-27III | D10: B | E10: Le responsable du projet (ou maître d'ouvrage)
D11: C | E11: L’exploitant du réseau
D12: D | E12: Je ne sais pas
B14: 1-4_002 | C14: E | D14: Lorsque l’exploitant a joint un plan au récépissé de DICT, qui a la responsabilité d'effectuer le marquage-piquetage ? | O14: Prioritaire
A15: P | C15: =IF(C14="E",IF(A15="P",IF(A14="I","p i","p"),IF(A14="I","i"," ")),"") -> p | D15: A | E15: L’entreprise de travaux
A16: R554-27I | D16: B | E16: Le responsable du projet (ou maître d'ouvrage)
D17: C | E17: L’exploitant
D18: E | E18: Je ne sais pas
B20: 1-4_004 | C20: E | D20: Pourquoi le compte rendu de marquage-piquetage doit être transmis à l’exécutant des travaux ?
D21: A | E21: Pour assurer la traçabilité des informations de localisation des réseaux existants
A22: R554-27 | D22: B | E22: Pour permettre à l'exécutant de produire un plan projet du réseau neuf à poser
D23: C | E23: Pour transférer à l'exécutant toute la responsabilité des travaux réalisés
D24: D | E24: Je ne sais pas
B27: 1-4_005 | C27: E | D27: Le marquage piquetage doit être effectué pour tout réseau situé dans l'emprise des travaux augmentée de :
C28: =IF(C27="E",IF(A28="P",IF(A27="I","p i","p"),IF(A27="I","i"," ")),"") | D28: A | E28: 1,5 mètres
A29: R554-27I | D29: B | E29: 2 mètres
D30: C | E30: 3 mètres
D31: D | E31: Je ne sais pas
A33: I | B33: 1-4_006 | C33: E | D33: Qui doit maintenir en état le marquage piquetage pendant toute la durée des travaux ?
C34: =IF(C33="E",IF(A34="P",IF(A33="I","p i","p"),IF(A33="I","i"," ")),"") -> i | D34: A | E34: Le service technique de la commune
A35: R554-27IV | D35: B | E35: L’exploitant du réseau
D36: C | E36: L'exécutant des travaux
D37: D | E37: Je ne sais pas
A39: I | B39: 1-4_007 | C39: E | D39: Sur un chantier, un marquage au sol de couleur jaune signale un réseau :
C40: =IF(C39="E",IF(A40="P",IF(A39="I","p i","p"),IF(A39="I","i"," ")),"") -> i | D40: A | E40: D'eaux usées
A41: NF S 70-003-1 | D41: B | E41: De gaz
A42: annexe E | D42: C | E42: De télécommunication
D43: D | E43: Je ne sais pas
A45: I | B45: 1-4_008 | C45: E | D45: Quelle mesure permet de prévenir un risque d'endommagement d'une canalisation électrique enterrée ?
C46: =IF(C45="E",IF(A46="P",IF(A45="I","p i","p"),IF(A45="I","i"," ")),"") -> i | D46: A | E46: La mise hors tension de la canalisation électrique
A47: NF C 18-510 | D47: B | E47: La consignation de la canalisation électrique
D48: C | E48: La localisation précise de la canalisation et son marquage au sol
D49: D | E49: Je ne sais pas
C80: =IF(C79="E",IF(A80="P",IF(A79="I","p i","p"),IF(A79="I","i"," ")),"")
C87: =IF(C86="E",IF(A87="P",IF(A86="I","p i","p"),IF(A86="I","i"," ")),"")
C94: =IF(C93="E",IF(A94="P",IF(A93="I","p i","p"),IF(A93="I","i"," ")),"")
C101: =IF(C100="E",IF(A101="P",IF(A100="I","p i","p"),IF(A100="I","i"," ")),"")
C108: =IF(C107="E",IF(A108="P",IF(A107="I","p i","p"),IF(A107="I","i"," ")),"")
C115: =IF(C114="E",IF(A115="P",IF(A114="I","p i","p"),IF(A114="I","i"," ")),"")
C122: =IF(C121="E",IF(A122="P",IF(A121="I","p i","p"),IF(A121="I","i"," ")),"")
C129: =IF(C128="E",IF(A129="P",IF(A128="I","p i","p"),IF(A128="I","i"," ")),"")
C136: =IF(C135="E",IF(A136="P",IF(A135="I","p i","p"),IF(A135="I","i"," ")),"")
C143: =IF(C142="E",IF(A143="P",IF(A142="I","p i","p"),IF(A142="I","i"," ")),"")
C150: =IF(C149="E",IF(A150="P",IF(A149="I","p i","p"),IF(A149="I","i"," ")),"")
C157: =IF(C156="E",IF(A157="P",IF(A156="I","p i","p"),IF(A156="I","i"," ")),"")
... C171: =IF(C170="E",IF(A171="P",IF(A170="I","p i","p"),IF(A170="I","i"," ")),"")
C172: =IF(C171="E",IF(A172="Prioritaire",IF(A171="I","p i","p"),IF(A171="I","i"," ")),"")
C178: =IF(C177="E",IF(A178="P",IF(A177="I","p i","p"),IF(A177="I","i"," ")),"")
C185: =IF(C184="E",IF(A185="P",IF(A184="I","p i","p"),IF(A184="I","i"," ")),"")
C192: =IF(C191="E",IF(A192="P",IF(A191="I","p i","p"),IF(A191="I","i"," ")),"")
C199: =IF(C198="E",IF(A199="P",IF(A198="I","p i","p"),IF(A198="I","i"," ")),"")
C206: =IF(C205="E",IF(A206="P",IF(A205="I","p i","p"),IF(A205="I","i"," ")),"")
C213: =IF(C212="E",IF(A213="P",IF(A212="I","p i","p"),IF(A212="I","i"," ")),"")
C220: =IF(C219="E",IF(A220="P",IF(A219="I","p i","p"),IF(A219="I","i"," ")),"")
C227: =IF(C226="E",IF(A227="P",IF(A226="I","p i","p"),IF(A226="I","i"," ")),"")
C234: =IF(C233="E",IF(A234="P",IF(A233="I","p i","p"),IF(A233="I","i"," ")),"")
C241: =IF(C240="E",IF(A241="P",IF(A240="I","p i","p"),IF(A240="I","i"," ")),"")
C248: =IF(C247="E",IF(A248="P",IF(A247="I","p i","p"),IF(A247="I","i"," ")),"")
C255: =IF(C254="E",IF(A255="P",IF(A254="I","p i","p"),IF(A254="I","i"," ")),"")
... C437: =IF(C436="E",IF(A437="P",IF(A436="I","p i","p"),IF(A436="I","i"," ")),"")
C444: =IF(C443="E",IF(A444="Prioritaire",IF(A443="I","p i","p"),IF(A443="I","i"," ")),"")
C451: =IF(C450="E",IF(A451="Prioritaire",IF(A450="I","p i","p"),IF(A450="I","i"," ")),"")
C458: =IF(C457="E",IF(A458="Prioritaire",IF(A457="I","p i","p"),IF(A457="I","i"," ")),"")

Sheet 1.5
A1: =Bilan!B11 -> 1.5 Compétences des personnels
C3: E | D3: Total
B4: Nb quest. | C4: =COUNTIF(C14:C612,C3) -> 0 | D4: =COUNTA(B14:B612) -> 0
B5: Illust. | C5: =COUNTIF(C14:C612,"i")+COUNTIF(C14:C612,"p i") -> 0 | D5: =COUNTIF(A14:A612,"I") -> 0
B6: Prio | C6: =COUNTIF(C14:C612,"p")+COUNTIF(C14:C612,"p i") -> 0 | D6: =COUNTIF(A14:A612,"P") -> 0
B8: 1-5_001 | C8: E | D8: Lequel de ces éléments ne permet pas la délivrance de l'Autorisation d'Intervention à Proximité des Réseaux ?
D9: A | E9: Un diplôme obtenu depuis plus de 5 ans
A10: A15-2-12/art21I-3° | D10: B | E10: Une attestation de compétences en cours de validité
D11: C | E11: Un CACES en cours de validité prenant en compte la réforme anti-endommagement
D12: D | E12: Je ne sais pas
C24: =IF(C23="E",IF(A24="P",IF(A23="I","p i","p"),IF(A23="I","i"," ")),"")
C31: =IF(C30="E",IF(A31="P",IF(A30="I","p i","p"),IF(A30="I","i"," ")),"")
C38: =IF(C37="E",IF(A38="P",IF(A37="I","p i","p"),IF(A37="I","i"," ")),"")
C45: =IF(C44="E",IF(A45="P",IF(A44="I","p i","p"),IF(A44="I","i"," ")),"")
C52: =IF(C51="E",IF(A52="P",IF(A51="I","p i","p"),IF(A51="I","i"," ")),"")
C59: =IF(C58="E",IF(A59="P",IF(A58="I","p i","p"),IF(A58="I","i"," ")),"")
C66: =IF(C65="E",IF(A66="P",IF(A65="I","p i","p"),IF(A65="I","i"," ")),"")
C73: =IF(C72="E",IF(A73="P",IF(A72="I","p i","p"),IF(A72="I","i"," ")),"")
C80: =IF(C79="E",IF(A80="P",IF(A79="I","p i","p"),IF(A79="I","i"," ")),"")
C87: =IF(C86="E",IF(A87="P",IF(A86="I","p i","p"),IF(A86="I","i"," ")),"")
C94: =IF(C93="E",IF(A94="P",IF(A93="I","p i","p"),IF(A93="I","i"," ")),"")
C101: =IF(C100="E",IF(A101="P",IF(A100="I","p i","p"),IF(A100="I","i"," ")),"")
... C143: =IF(C142="E",IF(A143="P",IF(A142="I","p i","p"),IF(A142="I","i"," ")),"")
C144: =IF(C143="E",IF(A144="Prioritaire",IF(A143="I","p i","p"),IF(A143="I","i"," ")),"")
C150: =IF(C149="E",IF(A150="P",IF(A149="I","p i","p"),IF(A149="I","i"," ")),"")
C157: =IF(C156="E",IF(A157="P",IF(A156="I","p i","p"),IF(A156="I","i"," ")),"")
C164: =IF(C163="E",IF(A164="P",IF(A163="I","p i","p"),IF(A163="I","i"," ")),"")
C171: =IF(C170="E",IF(A171="P",IF(A170="I","p i","p"),IF(A170="I","i"," ")),"")
C178: =IF(C177="E",IF(A178="P",IF(A177="I","p i","p"),IF(A177="I","i"," ")),"")
C185: =IF(C184="E",IF(A185="P",IF(A184="I","p i","p"),IF(A184="I","i"," ")),"")
C192: =IF(C191="E",IF(A192="P",IF(A191="I","p i","p"),IF(A191="I","i"," ")),"")
C199: =IF(C198="E",IF(A199="P",IF(A198="I","p i","p"),IF(A198="I","i"," ")),"")
C206: =IF(C205="E",IF(A206="P",IF(A205="I","p i","p"),IF(A205="I","i"," ")),"")
C213: =IF(C212="E",IF(A213="P",IF(A212="I","p i","p"),IF(A212="I","i"," ")),"")
C220: =IF(C219="E",IF(A220="P",IF(A219="I","p i","p"),IF(A219="I","i"," ")),"")
C227: =IF(C226="E",IF(A227="P",IF(A226="I","p i","p"),IF(A226="I","i"," ")),"")
... C409: =IF(C408="E",IF(A409="P",IF(A408="I","p i","p"),IF(A408="I","i"," ")),"")
C416: =IF(C415="E",IF(A416="Prioritaire",IF(A415="I","p i","p"),IF(A415="I","i"," ")),"")
C423: =IF(C422="E",IF(A423="Prioritaire",IF(A422="I","p i","p"),IF(A422="I","i"," ")),"")
C430: =IF(C429="E",IF(A430="Prioritaire",IF(A429="I","p i","p"),IF(A429="I","i"," ")),"")

Sheet 1.6
A1: =Bilan!B12 -> 1.6 Cartographie
C3: E | D3: Total
B4: Nb quest. | C4: =COUNTIF(C8:C539,C3) -> 8 | D4: =COUNTA(B8:B539) -> 8
B5: Illust. | C5: =COUNTIF(C8:C539,"i")+COUNTIF(C8:C539,"p i") -> 1 | D5: =COUNTIF(A8:A539,"I") -> 1
B6: Prio | C6: =COUNTIF(C8:C539,"p")+COUNTIF(C8:C539,"p i") -> 1 | D6: =COUNTIF(A8:A539,"P") -> 1
B8: 1-6_001 | C8: E | D8: En matière de cartographie, laquelle de ces affirmations est exacte ?
C9: =IF(C8="E",IF(A9="P",IF(A8="I","p i","p"),IF(A8="I","i"," ")),"") | D9: A | E9: La classe de précision figure dans le récépissé de l’exploitant à une DT ou DICT
A10: A15-2-12/art5 | D10: B | E10: Tous les branchements gaz sont reportés sur la cartographie
D11: C | E11: Les indications quant à la position des ouvrages enterrés figurant sur les plans sont précises à plus ou moins 40 cm
D12: D | E12: Je ne sais pas
B14: 1-6_003 | C14: E | D14: En topographie, le terme planimétrie se rapporte à la localisation d'un point :
C15: =IF(C14="E",IF(A15="P",IF(A14="I","p i","p"),IF(A14="I","i"," ")),"") | D15: A | E15: A l'horizontale
A16: NFS70-003-3 | D16: B | E16: A la verticale
D17: C | E17: Sur une droite
D18: D | E18: Je ne sais pas
B20: 1-6_004 | C20: E | D20: La génératrice supérieure d'un réseau enterré est :
C21: =IF(C20="E",IF(A21="P",IF(A20="I","p i","p"),IF(A20="I","i"," ")),"") | D21: A | E21: Le point le plus haut de la paroi extérieure de ce réseau ou de son fourreau
A22: A15-2-12/art15 | D22: B | E22: Le fil d'eau de ce réseau ou de son fourreau
D23: C | E23: L'axe central de ce réseau ou de son fourreau
D24: D | E24: Je ne sais pas
B27: 1-6_011 | C27: E | D27: L'échelle d'un plan est :
C28: =IF(C27="E",IF(A28="P",IF(A27="I","p i","p"),IF(A27="I","i"," ")),"") | D28: A | E28: Le rapport entre la longueur réelle d'un objet sur le terrain et la longueur de cet objet sur le plan
A29: NFS70-003-3 | D29: B | E29: La précision du plan
D30: C | E30: Le rapport entre la longueur d'un objet sur le plan et la longueur réelle de cet objet sur le terrain
D31: D | E31: Je ne sais pas
A33: I | B33: 1-6_016ce | C33: E | D33: Lorsque la profondeur d'un réseau est marquée au sol, elle indique la profondeur :
A34: P | C34: =IF(C33="E",IF(A34="P",IF(A33="I","p i","p"),IF(A33="I","i"," ")),"") -> p i | D34: A | E34: Du fil de l'eau du réseau ou de son fourreau
A35: NFS70-003-3 | D35: B | E35: De la génératrice supérieure du réseau ou de son fourreau
D36: C | E36: Du grillage avertisseur du réseau
D37: D | E37: Je ne sais pas
B39: 1-6_018 | C39: E | D39: Pour une échelle de plan au 1/200, 20 mètres sur le terrain correspondent sur le plan à :
D40: A | E40: 2 cm
A41: NFS70-003-3 | D41: B | E41: 10 cm
D42: C | E42: 20 cm
D43: D | E43: Je ne sais pas
B46: 1-6_027 | C46: E | D46: Pour une échelle de plan au 1/200, 1 cm sur le plan représente combien sur le terrain ?
C47: =IF(C46="E",IF(A47="P",IF(A46="I","p i","p"),IF(A46="I","i"," ")),"") | D47: A | E47: Deux mètres
A48: NFS70-003-3 | D48: B | E48: Vingt mètres
D49: C | E49: Deux cents mètres
D50: D | E50: Je ne sais pas
B52: 1-6_035 | C52: E | D52: En topographie, le terme altimétrie se rapporte à la localisation d'un point :
C53: =IF(C52="E",IF(A53="P",IF(A52="I","p i","p"),IF(A52="I","i"," ")),"") | D53: A | E53: A l'horizontale
A54: NFS70-003-3 | D54: B | E54: A la verticale
D55: C | E55: A l'axe du réseau
D56: D | E56: Je ne sais pas
C287: =IF(C286="E",IF(A287="P",IF(A286="I","p i","p"),IF(A286="I","i"," ")),"")
C294: =IF(C293="E",IF(A294="P",IF(A293="I","p i","p"),IF(A293="I","i"," ")),"")
C301: =IF(C300="E",IF(A301="P",IF(A300="I","p i","p"),IF(A300="I","i"," ")),"")
C308: =IF(C307="E",IF(A308="P",IF(A307="I","p i","p"),IF(A307="I","i"," ")),"")
C315: =IF(C314="E",IF(A315="P",IF(A314="I","p i","p"),IF(A314="I","i"," ")),"")
C322: =IF(C321="E",IF(A322="P",IF(A321="I","p i","p"),IF(A321="I","i"," ")),"")
C329: =IF(C328="E",IF(A329="P",IF(A328="I","p i","p"),IF(A328="I","i"," ")),"")
C336: =IF(C335="E",IF(A336="P",IF(A335="I","p i","p"),IF(A335="I","i"," ")),"")
C343: =IF(C342="E",IF(A343="P",IF(A342="I","p i","p"),IF(A342="I","i"," ")),"")
C350: =IF(C349="E",IF(A350="P",IF(A349="I","p i","p"),IF(A349="I","i"," ")),"")
C357: =IF(C356="E",IF(A357="P",IF(A356="I","p i","p"),IF(A356="I","i"," ")),"")
C364: =IF(C363="E",IF(A364="P",IF(A363="I","p i","p"),IF(A363="I","i"," ")),"")
... C392: =IF(C391="E",IF(A392="P",IF(A391="I","p i","p"),IF(A391="I","i"," ")),"")

Sheet 2.1
A1: =Bilan!B14 -> 2.1 DICT
C3: E | D3: Total
B4: Nb quest. | C4: =COUNTIF(C8:C629,C3) -> 3 | D4: =COUNTA(B8:B629) -> 3
B5: Illust. | C5: =COUNTIF(C8:C629,"i")+COUNTIF(C8:C629,"p i") -> 0 | D5: =COUNTIF(A8:A629,"I") -> 0
B6: Prio | C6: =COUNTIF(C8:C629,"p")+COUNTIF(C8:C629,"p i") -> 1 | D6: =COUNTIF(A8:A629,"P") -> 1
B8: 2-1_004 | C8: E | D8: Qui doit établir la DICT ?
A9: P | C9: =IF(C8="E",IF(A9="P",IF(A8="I","p i","p"),IF(A8="I","i"," ")),"") -> p | D9: A | E9: Le maître d’ouvrage
A10: R554-25I | D10: B | E10: L’exécutant des travaux
D11: C | E11: L’exploitant de réseau
D12: D | E12: Je ne sais pas
B14: 2-1_005 | C14: E | D14: Qui doit envoyer la DICT aux exploitants d'ouvrages ?
D15: A | E15: L'exécutant des travaux ou son Prestataire d'Aide à la Déclaration
A16: R554-25I | D16: B | E16: Le téléservice du guichet unique
D17: C | E17: Le responsable de projet ou son Prestataire d'Aide à la Déclaration
D18: D | E18: Je ne sais pas
B20: 2-1_008 | C20: E | D20: Je dois réaliser des travaux à l'aplomb d'une ligne aérienne et je dois prendre en compte la hauteur des conducteurs. Que faire ?
C21: =IF(C20="E",IF(A21="P",IF(A20="I","p i","p"),IF(A20="I","i"," ")),"") | D21: A | E21: Je me réfère au récépissé de DICT et au guide technique
A22: R554-25 | D22: B | E22: Je vérifie visuellement que la hauteur de surplomb est suffisante
D23: C | E23: J'utilise une perche graduée isolante pour mesurer la hauteur de la ligne
D24: D | E24: Je ne sais pas
C83: =IF(C82="E",IF(A83="P",IF(A82="I","p i","p"),IF(A82="I","i"," ")),"")
C90: =IF(C89="E",IF(A90="P",IF(A89="I","p i","p"),IF(A89="I","i"," ")),"")
C97: =IF(C96="E",IF(A97="P",IF(A96="I","p i","p"),IF(A96="I","i"," ")),"")
C104: =IF(C103="E",IF(A104="P",IF(A103="I","p i","p"),IF(A103="I","i"," ")),"")
C111: =IF(C110="E",IF(A111="P",IF(A110="I","p i","p"),IF(A110="I","i"," ")),"")
C118: =IF(C117="E",IF(A118="P",IF(A117="I","p i","p"),IF(A117="I","i"," ")),"")
C125: =IF(C124="E",IF(A125="P",IF(A124="I","p i","p"),IF(A124="I","i"," ")),"")
C132: =IF(C131="E",IF(A132="P",IF(A131="I","p i","p"),IF(A131="I","i"," ")),"")
C139: =IF(C138="E",IF(A139="P",IF(A138="I","p i","p"),IF(A138="I","i"," ")),"")
C146: =IF(C145="E",IF(A146="P",IF(A145="I","p i","p"),IF(A145="I","i"," ")),"")
C153: =IF(C152="E",IF(A153="P",IF(A152="I","p i","p"),IF(A152="I","i"," ")),"")
C160: =IF(C159="E",IF(A160="P",IF(A159="I","p i","p"),IF(A159="I","i"," ")),"")
C161: =IF(C160="E",IF(A161="Prioritaire",IF(A160="I","p i","p"),IF(A160="I","i"," ")),"")
C167: =IF(C166="E",IF(A167="P",IF(A166="I","p i","p"),IF(A166="I","i"," ")),"")
C174: =IF(C173="E",IF(A174="P",IF(A173="I","p i","p"),IF(A173="I","i"," ")),"")
C181: =IF(C180="E",IF(A181="P",IF(A180="I","p i","p"),IF(A180="I","i"," ")),"")
C188: =IF(C187="E",IF(A188="P",IF(A187="I","p i","p"),IF(A187="I","i"," ")),"")
C195: =IF(C194="E",IF(A195="P",IF(A194="I","p i","p"),IF(A194="I","i"," ")),"")
C202: =IF(C201="E",IF(A202="P",IF(A201="I","p i","p"),IF(A201="I","i"," ")),"")
C209: =IF(C208="E",IF(A209="P",IF(A208="I","p i","p"),IF(A208="I","i"," ")),"")
C216: =IF(C215="E",IF(A216="P",IF(A215="I","p i","p"),IF(A215="I","i"," ")),"")
C223: =IF(C222="E",IF(A223="P",IF(A222="I","p i","p"),IF(A222="I","i"," ")),"")
C230: =IF(C229="E",IF(A230="P",IF(A229="I","p i","p"),IF(A229="I","i"," ")),"")
C237: =IF(C236="E",IF(A237="P",IF(A236="I","p i","p"),IF(A236="I","i"," ")),"")
C244: =IF(C243="E",IF(A244="P",IF(A243="I","p i","p"),IF(A243="I","i"," ")),"")
... C440: =IF(C439="E",IF(A440="P",IF(A439="I","p i","p"),IF(A439="I","i"," ")),"")
C447: =IF(C446="E",IF(A447="Prioritaire",IF(A446="I","p i","p"),IF(A446="I","i"," ")),"")

Sheet 2.2
A1: =Bilan!B15 -> 2.2 Analyse des réponses, du DCE et du marché
C3: E | D3: Total
B4: Nb quest. | C4: =COUNTIF(C8:C702,C3) -> 17 | D4: =COUNTA(B8:B702) -> 17
B5: Illust. | C5: =COUNTIF(C8:C702,"i")+COUNTIF(C8:C702,"p i") -> 4 | D5: =COUNTIF(A8:A702,"I") -> 4
B6: Prio | C6: =COUNTIF(C8:C702,"p")+COUNTIF(C8:C702,"p i") -> 3 | D6: =COUNTIF(A8:A702,"P") -> 3
B8: 2-2_001 | C8: E | D8: Si un déclarant n'a pas reçu de réponse à sa DICT dans les délais, pour quel réseau parmi les suivants doit-il attendre avant de commencer les travaux ?
A9: P | C9: =IF(C8="E",IF(A9="P",IF(A8="I","p i","p"),IF(A8="I","i"," ")),"") -> p | D9: A | E9: Eclairage public
A10: R554-26VI | D10: B | E10: Télécommunication
D11: C | E11: Adduction d'eau
D12: D | E12: Je ne sais pas
B14: 2-2_002 | C14: E | D14: Après avoir relancé les exploitants n'ayant pas répondu dans le délai réglementaire à la DICT, je peux commencer les travaux 2 jours après cette relance même sans réponse d'un exploitant :
C15: =IF(C14="E",IF(A15="P",IF(A14="I","p i","p"),IF(A14="I","i"," ")),"") | D15: A | E15: D'un réseau de transport d'hydrocarbures
A16: R554-26VI | D16: B | E16: D'un réseau électrique
D17: C | E17: D'un réseau téléphonique
D18: D | E18: Je ne sais pas
B20: 2-2_004 | C20: E | D20: De combien de jours (sauf jours fériés) dispose l'exploitant pour répondre à une DICT dématérialisée ?
A21: P | C21: =IF(C20="E",IF(A21="P",IF(A20="I","p i","p"),IF(A20="I","i"," ")),"") -> p | D21: A | E21: 7 jours
A22: R554-26I | C22: =IF(C21="E",IF(A22="P",IF(A21="I","p i","p"),IF(A21="I","i"," ")),"") | D22: B | E22: 9 jours
D23: C | E23: 15 jours
D24: D | E24: Je ne sais pas
B26: 2-2_005 | C26: E | D26: De combien de jours (sauf jours fériés) dispose l'exploitant pour répondre à une DICT NON dématérialisée (courrier, fax...) ?
A27: P | C27: =IF(C26="E",IF(A27="P",IF(A26="I","p i","p"),IF(A26="I","i"," ")),"") -> p | D27: A | E27: 7 jours
A28: R554-26I | D28: B | E28: 9 jours
D29: C | E29: 15 jours
D30: D | E30: Je ne sais pas
B32: 2-2_006 | C32: E | D32: Suite à une relance pour non réponse à une DICT, l'exploitant doit répondre dans un délai de :
C33: =IF(C32="E",IF(A33="P",IF(A32="I","p i","p"),IF(A32="I","i"," ")),"") | D33: A | E33: 2 jours ouvrés
A34: R554-26VI | D34: B | E34: 7 jours ouvrés
D35: C | E35: 9 jours ouvrés
D36: D | E36: Je ne sais pas
B38: 2-2_007 | C38: E | D38: Suite à une DICT, dans quel cas les plans des réseaux peuvent ne pas être joints au récépissé fourni par l'exploitant ?
D39: A | E39: L'exploitant prévoit une réunion sur site
A40: R554-26I | D40: B | E40: Aucun réseau sensible pour la sécurité n'est présent dans l'emprise des travaux
D41: C | E41: Un seul réseau est présent dans l'emprise des travaux
D42: D | E42: Je ne sais pas
B44: 2-2_009 | C44: E | D44: Je reçois l'ordre de démarrage des travaux d'un marché pour lequel aucun réseau sensible pour la sécurité n'est présent dans l'emprise des travaux :
C45: =IF(C44="E",IF(A45="P",IF(A44="I","p i","p"),IF(A44="I","i"," ")),"") | D45: A | E45: Je demande au maître d'ouvrage de réaliser des investigations complémentaires pour vérifier l'exactitude des renseignements donnés par les plans et ne démarre pas les travaux tant que je n'ai pas de réponse
A46: R554-23III | D46: B | E46: Je démarre les travaux en appliquant les précautions prévues dans les clauses techniques et financières
D47: C | E47: Je démarre les travaux sans précaution particulière puisqu'il n'y a pas de réseau sensible pour la sécurité
D48: D | E48: Je ne sais pas
B51: 2-2_010 | C51: E | D51: Si la rubrique "Distance minimale entre les travaux et la ligne électrique" de la DICT est remplie, l'exploitant :
C52: =IF(C51="E",IF(A52="P",IF(A51="I","p i","p"),IF(A51="I","i"," ")),"") | D52: A | E52: Met automatiquement la ligne considérée hors tension
A53: Cerfa14435*01Notice | D53: B | E53: Indique dans sa réponse les possibilités de mise hors tension de la ligne ou à défaut les autres moyens de mise en sécurité
D54: C | E54: Mentionne dans sa réponse les horaires de mise hors tension de la ligne
D55: D | E55: Je ne sais pas
B57: 2-2_011 | C57: E | D57: En cas d’impossibilité de procéder à la mise hors tension d’une ligne électrique par l’exploitant, les entreprises intervenantes doivent :
C58: =IF(C57="E",IF(A58="P",IF(A57="I","p i","p"),IF(A57="I","i"," ")),"") | D58: A | E58: Sous-traiter à l'exploitant de la ligne électrique les travaux concernés
A59: R4534-119CT | D59: B | E59: Effectuer elles-mêmes la mise hors tension
D60: C | E60: Définir avec l’exploitant les mesures à mettre en place pour assurer la protection des intervenants
D61: D | E61: Je ne sais pas
B63: 2-2_012 | C63: E | D63: Afin de préparer son offre en réponse à la consultation du responsable de projet, l’entreprise :
C64: =IF(C63="E",IF(A64="P",IF(A63="I","p i","p"),IF(A63="I","i"," ")),"") | D64: A | E64: N’examine pas les aspects relatifs aux réseaux présents dans l'emprise du projet car ils seront traités lors de la DICT
A65: R554-23I | D65: B | E65: Procède à des investigations par sondage de sol et marque les réseaux dans l’emprise du projet
D66: C | E66: Tient compte des informations contenues dans le DCE au sujet des réseaux présents dans l’emprise du projet
D67: D | E67: Je ne sais pas
B69: 2-2_014 | C69: E | D69: Lorsque l’exploitant ne fournit pas de plan avec le récépissé de DICT, une réunion sur site doit-elle être organisée ?
C70: =IF(C69="E",IF(A70="P",IF(A69="I","p i","p"),IF(A69="I","i"," ")),"") | D70: A | E70: Oui, par l'exploitant qui procède au marquage-piquetage de ses ouvrages
A71: R554-26II | D71: B | E71: Oui, par le prestataire de détection certifié du responsable de projet (ou maître d'ouvrage)
D72: C | E72: Non, certains exploitants de réseaux sont autorisés à ne fournir aucune information sur leurs ouvrages
D73: D | E73: Je ne sais pas
B75: 2-2_015 | C75: E | D75: Lorsque l’exploitant ne fournit pas de plan avec le récépissé de DICT, qui doit réaliser le marquage-piquetage ?
C76: =IF(C75="E",IF(A76="P",IF(A75="I","p i","p"),IF(A75="I","i"," ")),"") | D76: A | E76: Le marquage-piquetage est réalisé sous la responsabilité de l'exploitant et à ses frais
A77: R554-27III | D77: B | E77: L’encadrement de chantier doit procéder à des investigations et réaliser ensuite le marquage-piquetage
D78: C | E78: Le marquage-piquetage est réalisé sous la responsabilité du maître d’ouvrage et à ses frais
D79: D | E79: Je ne sais pas
A82: I | B82: 2-2_017 | C82: E | D82: Sur ce schéma, le réseau jaune est en :
C83: =IF(C82="E",IF(A83="P",IF(A82="I","p i","p"),IF(A82="I","i"," ")),"") -> i | D83: A | E83: Classe A
A84: A15-2-12/art1-3° | D84: B | E84: Classe B
D85: C | E85: Classe C
D86: D | E86: Je ne sais pas
A88: I | B88: 2-2_018 | C88: E | D88: Sur ce schéma, le réseau jaune est en :
C89: =IF(C88="E",IF(A89="P",IF(A88="I","p i","p"),IF(A88="I","i"," ")),"") -> i | D89: A | E89: Classe A
A90: A15-2-12/art1-3° | D90: B | E90: Classe B
D91: C | E91: Classe C
D92: D | E92: Je ne sais pas
A94: I | B94: 2-2_019 | C94: E | D94: Sur ce schéma, le réseau jaune est en :
C95: =IF(C94="E",IF(A95="P",IF(A94="I","p i","p"),IF(A94="I","i"," ")),"") -> i | D95: A | E95: Classe A
A96: A15-2-12/art1-3° | D96: B | E96: Classe B
D97: C | E97: Classe C
D98: D | E98: Je ne sais pas
A100: I | B100: 2-2_020 | C100: E | D100: Sur ce schéma, le réseau jaune est en :
C101: =IF(C100="E",IF(A101="P",IF(A100="I","p i","p"),IF(A100="I","i"," ")),"") -> i | D101: A | E101: Classe A
A102: A15-2-12/art1-3° | D102: B | E102: Classe B
D103: C | E103: Classe C
D104: D | E104: Je ne sais pas
B106: 2-2_022 | C106: E | D106: Comment savoir qu'il existe ou peut exister dans l'emprise des travaux prévus des branchements électriques ou de gaz non cartographiés et non pourvus d'affleurant visible ?
C107: =IF(C106="E",IF(A107="P",IF(A106="I","p i","p"),IF(A106="I","i"," ")),"") | D107: A | E107: En adressant au préalable une demande écrite à la mairie
A108: Cerfa14435*01 | D108: B | E108: En allant chercher l'information sur le site internet des exploitants concernés
D109: C | E109: L'exploitant du réseau concerné doit le mentionner dans le récépissé
D110: D | E110: Je ne sais pas
C247: =IF(C246="E",IF(A247="P",IF(A246="I","p i","p"),IF(A246="I","i"," ")),"")
C254: =IF(C253="E",IF(A254="P",IF(A253="I","p i","p"),IF(A253="I","i"," ")),"")
C261: =IF(C260="E",IF(A261="P",IF(A260="I","p i","p"),IF(A260="I","i"," ")),"")
C268: =IF(C267="E",IF(A268="P",IF(A267="I","p i","p"),IF(A267="I","i"," ")),"")
C275: =IF(C274="E",IF(A275="P",IF(A274="I","p i","p"),IF(A274="I","i"," ")),"")
C282: =IF(C281="E",IF(A282="P",IF(A281="I","p i","p"),IF(A281="I","i"," ")),"")
C289: =IF(C288="E",IF(A289="P",IF(A288="I","p i","p"),IF(A288="I","i"," ")),"")
C296: =IF(C295="E",IF(A296="P",IF(A295="I","p i","p"),IF(A295="I","i"," ")),"")
C303: =IF(C302="E",IF(A303="P",IF(A302="I","p i","p"),IF(A302="I","i"," ")),"")
C310: =IF(C309="E",IF(A310="P",IF(A309="I","p i","p"),IF(A309="I","i"," ")),"")
...

Sheet 2.3
A1: =Bilan!B16 -> 2.3 Compétences des personnels
C3: E | D3: Total
B4: Nb quest. | C4: =COUNTIF(C8:C620,C3) -> 16 | D4: =COUNTA(B8:B620) -> 16
B5: Illust. | C5: =COUNTIF(C8:C620,"i")+COUNTIF(C8:C620,"p i") -> 14 | D5: =COUNTIF(A8:A620,"I") -> 14
B6: Prio | C6: =COUNTIF(C8:C620,"p")+COUNTIF(C8:C620,"p i") -> 4 | D6: =COUNTIF(A8:A620,"P") -> 4
A8: I | B8: 2-3_003 | C8: E | D8: Que dois-je faire si je découvre un câble électrique dénudé ?
C9: =IF(C8="E",IF(A9="P",IF(A8="I","p i","p"),IF(A8="I","i"," ")),"") -> i | D9: A | E9: Je mets des lunettes de protection
A10: R554-31II | D10: B | E10: Je m'écarte tout de suite de la zone
D11: C | E11: Je dégage le câble en évitant de le toucher
D12: D | E12: Je ne sais pas
B14: 2-3_004 | C14: E | D14: Une entreprise exécutant des travaux non urgents doit délivrer une autorisation d'intervention à proximité des réseaux (AIPR) :
A15: P | C15: =IF(C14="E",IF(A15="P",IF(A14="I","p i","p"),IF(A14="I","i"," ")),"") -> p | D15: A | E15: Uniquement à l'encadrant des travaux
A16: A15-2-12/art21I | D16: B | E16: A l'encadrant des travaux et aux conducteurs d'engins intervenant sur le chantier
D17: C | E17: Uniquement aux conducteurs d'engins intervenant sur le chantier
D18: D | E18: Je ne sais pas
A20: I | B20: 2-3_011 | C20: E | D20: Quels sont les risques principaux liés à un réseau d'assainissement ?
C21: =IF(C20="E",IF(A21="P",IF(A20="I","p i","p"),IF(A20="I","i"," ")),"") -> i | D21: A | E21: Asphyxie et intoxication
A22: § 3.9 du GT | D22: B | E22: Electrisation et électrocution
D23: C | E23: Hydrocution
D24: D | E24: Je ne sais pas
A26: I | B26: 2-3_013e | C26: E | D26: Pendant toute la durée de travaux à proximité d'un réseau de gaz, il faut dans tous les cas :
A27: P | C27: =IF(C26="E",IF(A27="P",IF(A26="I","p i","p"),IF(A26="I","i"," ")),"") -> p i | D27: A | E27: Maintenir les accès aux vannes d’arrêt
A28: R554-31II | D28: B | E28: Interdire tout matériel électrique
D29: C | E29: Porter un masque respiratoire
D30: D | E30: Je ne sais pas
A32: I | B32: 2-3_015e | C32: E | D32: Un conducteur d'engin peut démarrer le terrassement dès qu'il a les informations sur :
A33: P | C33: =IF(C32="E",IF(A33="P",IF(A32="I","p i","p"),IF(A32="I","i"," ")),"") -> p i | D33: A | E33: L' ouvrage souterrain sur lequel il doit travailler
A34: R554-27 I | D34: B | E34: Les réseaux dangereux situés dans la zone de travail (gaz, électricité)
D35: C | E35: Tous les ouvrages souterrains signalés par le marquage-piquetage
D36: D | E36: Je ne sais pas
A38: I | B38: 2-3_016 | C38: E | D38: Lorsque le réseau annoncé et marqué n'a pas été trouvé dans l'emprise des travaux mentionnée dans la DICT, peut-on creuser en dehors de cette emprise ?
C39: =IF(C38="E",IF(A39="P",IF(A38="I","p i","p"),IF(A38="I","i"," ")),"") -> i | D39: A | E39: Oui, mais uniquement dans l'environnement immédiat de cette zone (moins de 3 mètres)
A40: R. 554-25 II | D40: B | E40: Oui, lorsqu'aucun élément ne signale de réseau (pas de coffret, de borne incendie…)
D41: C | E41: Non
D42: E | E42: Je ne sais pas
B44: 2-3_018 | C44: E | D44: Dans le cadre d'un avis de travaux urgents (ATU) et en présence d'un réseau de transport de matières dangereuses (TMD). Il faut :
D45: A | E45: Uniquement appeler l'exploitant du réseau de TMD avant le démarrage des travaux
A46: R554-32 / art3 A | D46: B | E46: Appeler l'exploitant du réseau de TMD avant le démarrage des travaux et lui envoyer l'ATU
D47: C | E47: Uniquement envoyer l'ATU à l'exploitant du réseau deTMD si les travaux démarrent plus de 24h après cet envoi.
D48: D | E48: Je ne sais pas
A50: I | B50: 2-3_019 | C50: E | D50: Sans protection particulière, l'écart minimum entre un câble électrique et une canalisation de gaz est de:
C51: =IF(C50="E",IF(A51="P",IF(A50="I","p i","p"),IF(A50="I","i"," ")),"") -> i | D51: A | E51: 10 cm
A52: § 3.4.5 du GT | D52: B | E52: 15 cm
A53: NF P 98-333 | D53: C | E53: 20 cm
D54: D | E54: Je ne sais pas
A56: I | B56: 2-3_020 | C56: E | D56: Pour ouvrir un coffret électrique, il faut avoir l'accord :
C57: =IF(C56="E",IF(A57="P",IF(A56="I","p i","p"),IF(A56="I","i"," ")),"") -> i | D57: A | E57: De l'exploitant
A58: § 4.2.3 du GT | D58: B | E58: Des pompiers
D59: C | E59: De l'usager
D60: D | E60: Je ne sais pas
A62: I | B62: 2-3_023 | C62: E | D62: Les butées en béton des canalisations d'eau doivent être préservées lors des travaux car elles servent à:
C63: =IF(C62="E",IF(A63="P",IF(A62="I","p i","p"),IF(A62="I","i"," ")),"") -> i | D63: A | E63: Assembler les canalisations
A64: § 3.8.5 du GT | D64: B | E64: Eviter que la pression ne déplace les canalisations
D65: C | E65: Protéger du gel
D66: D | E66: Je ne sais pas
A68: I | B68: 2-3_023b | C68: E | D68: La protection cathodique des canalisations en acier doit être préservée lors des travaux car elle sert à protéger :
C69: =IF(C68="E",IF(A69="P",IF(A68="I","p i","p"),IF(A68="I","i"," ")),"") -> i | D69: A | E69: Des incendies
A70: § 3.1.1.5 du GT | D70: B | E70: De la corrosion
D71: C | E71: Du gel
D72: D | E72: Je ne sais pas
A74: I | B74: 2-3_025 | C74: E | D74: Lorsqu'une tranchée est remblayée, mais pas encore compactée, à quelle condition peut-on rouler au dessus du réseau ?
C75: =IF(C74="E",IF(A75="P",IF(A74="I","p i","p"),IF(A74="I","i"," ")),"") -> i | D75: A | E75: Le sol doit être totalement sec
A76: Fiche TX-RBL2 du GT | D76: B | E76: L'écart de niveau entre le remblaiement et le sol fini ne doit pas excéder 15 cm
D77: C | E77: En aucun cas de figure
D78: D | E78: Je ne sais pas
A80: I | B80: 2-3_026 | C80: E | D80: Lequel de ces éléments est un affleurant indiquant la présence d'un réseau sous la chaussée ?
C81: =IF(C80="E",IF(A81="P",IF(A80="I","p i","p"),IF(A80="I","i"," ")),"") -> i | D81: A | E81: Panneau de signalisation routière
A82: § 3.4.2 du GT | D82: B | E82: Bouche à clé
D83: C | E83: Bordure de trottoir
D84: D | E84: Je ne sais pas
A86: I | B86: 2-3_027 | C86: E | D86: Lequel de ces éléments est un affleurant indiquant la présence d'un réseau sous le trottoir ?
A87: P | C87: =IF(C86="E",IF(A87="P",IF(A86="I","p i","p"),IF(A86="I","i"," ")),"") -> p i | D87: A | E87: Potelet de signalisation
A88: § 3.4.2 du GT | D88: B | E88: Coffret de gaz
D89: C | E89: Bordure de trottoir
D90: D | E90: Je ne sais pas
A92: I | B92: 2-3_028 | C92: E | D92: L'électricité :
C93: =IF(C92="E",IF(A93="P",IF(A92="I","p i","p"),IF(A92="I","i"," ")),"") -> i | D93: A | E93: N'est pas dangereuse pour le corps humain
A94: NF C 18-510 | D94: B | E94: Est dangereuse seulement en haute tension
D95: C | E95: Peut provoquer une électrisation même en basse tension
D96: D | E96: Je ne sais pas
A98: I | B98: 2-3_029 | C98: E | D98: L'isolant d'un câble électrique assure une protection :
C99: =IF(C98="E",IF(A99="P",IF(A98="I","p i","p"),IF(A98="I","i"," ")),"") -> i | D99: A | E99: Contre la perforation d'outils
A100: NF C 18-510 | D100: B | E100: Contre la pénétration d'eau
D101: C | E101: Contre les dents d'un godet d'une pelle mécanique
D102: D | E102: Je ne sais pas
C254: =IF(C253="E",IF(A254="P",IF(A253="I","p i","p"),IF(A253="I","i"," ")),"")
C261: =IF(C260="E",IF(A261="P",IF(A260="I","p i","p"),IF(A260="I","i"," ")),"")
C268: =IF(C267="E",IF(A268="P",IF(A267="I","p i","p"),IF(A267="I","i"," ")),"")
C275: =IF(C274="E",IF(A275="P",IF(A274="I","p i","p"),IF(A274="I","i"," ")),"")
C282: =IF(C281="E",IF(A282="P",IF(A281="I","p i","p"),IF(A281="I","i"," ")),"")
C289: =IF(C288="E",IF(A289="P",IF(A288="I","p i","p"),IF(A288="I","i"," ")),"")
C296: =IF(C295="E",IF(A296="P",IF(A295="I","p i","p"),IF(A295="I","i"," ")),"")
C303: =IF(C302="E",IF(A303="P",IF(A302="I","p i","p"),IF(A302="I","i"," ")),"")
C310: =IF(C309="E",IF(A310="P",IF(A309="I","p i","p"),IF(A309="I","i"," ")),"")
C317: =IF(C316="E",IF(A317="P",IF(A316="I","p i","p"),IF(A316="I","i"," ")),"")
C324: =IF(C323="E",IF(A324="P",IF(A323="I","p i","p"),IF(A323="I","i"," ")),"")
C331: =IF(C330="E",IF(A331="P",IF(A330="I","p i","p"),IF(A330="I","i"," ")),"")
... C443: =IF(C442="E",IF(A443="P",IF(A442="I","p i","p"),IF(A442="I","i"," ")),"")
C450: =IF(C449="E",IF(A450="Prioritaire",IF(A449="I","p i","p"),IF(A449="I","i"," ")),"")

Sheet 2.4
A1: =Bilan!B17 -> 2.4 Application du guide technique
C3: E | D3: Total
B4: Nb quest. | C4: =COUNTIF(C8:C641,C3) -> 28 | D4: =COUNTA(B8:B641) -> 28
B5: Illust. | C5: =COUNTIF(C8:C641,"i")+COUNTIF(C8:C641,"p i") -> 16 | D5: =COUNTIF(A8:A641,"I") -> 16
B6: Prio | C6: =COUNTIF(C8:C641,"p")+COUNTIF(C8:C641,"p i") -> 4 | D6: =COUNTIF(A8:A641,"P") -> 4
A8: I | B8: 2-4_002 | C8: E | D8: Si l'on ne connaît pas la tension de la ligne électrique, il faut que le godet se trouve toujours à plus de :
A9: P | C9: =IF(C8="E",IF(A9="P",IF(A8="I","p i","p"),IF(A8="I","i"," ")),"") -> p i | D9: A | E9: 1 mètre
A10: § 6 du GT | D10: B | E10: 2 mètres
A11: TC OPERATEUR | D11: C | E11: 5 mètres
D12: D | E12: Je ne sais pas
A14: I | B14: 2-4_003 | C14: E | D14: Quand je travaille près d'une ligne aérienne à très haute tension (plus de 50 000 Volts), je dois rester à plus de 5 mètres : | F14: x
C15: =IF(C14="E",IF(A15="P",IF(A14="I","p i","p"),IF(A14="I","i"," ")),"") -> i | D15: A | E15: Du fil électrique le plus proche
A16: § 6.1 du GT | D16: B | E16: Du sol
D17: C | E17: Du pylône
D18: D | E18: Je ne sais pas
A20: I | B20: 2-4_004 | C20: E | D20: Quand je travaille près d'une ligne aérienne haute tension (plus de 1000 Volts), le godet doit toujours se trouver à plus de :
C21: =IF(C20="E",IF(A21="P",IF(A20="I","p i","p"),IF(A20="I","i"," ")),"") -> i | D21: A | E21: 3 mètres
A22: § 6 du GT | D22: B | E22: 5 mètres
D23: C | E23: 7 mètres
D24: D | E24: Je ne sais pas
B26: 2-4_007 | C26: E | D26: Avec une pelle hydraulique (précision annoncée : 0,15 m), jusqu'à quelle distance du marquage d'un réseau rigide de diamètre 60 mm et de classe de précision A peut-on terrasser sans précaution particulière ?
C27: =IF(C26="E",IF(A27="P",IF(A26="I","p i","p"),IF(A26="I","i"," ")),"") | D27: A | E27: 0,40 + 0,15 = 0,55 m
A28: GT - 5.2.5 | D28: B | E28: 0,40 m
D29: C | E29: 0,40 - 0,15 = 0,25 m
D30: D | E30: Je ne sais pas
B32: 2-4_008 | C32: E | D32: Avec une pelle hydraulique (précision annoncée : 0,15 m), jusqu'à quelle distance du marquage d'un réseau souple de diamètre 60 mm et de classe de précision A peut-on terrasser sans précaution particulière ?
D33: A | E33: 0,50 - 0,15 = 0,35 m
A34: GT - 5.2.5 | D34: B | E34: 0,50 m
D35: C | E35: 0,50 + 0,15 = 0,65 m
D36: D | E36: Je ne sais pas
A39: I | B39: 2-4_009 | C39: E | D39: Au dessus d'un réseau, on peut utiliser un engin lourd (pelle hydraulique, raboteuse, BRH…) :
C40: =IF(C39="E",IF(A40="P",IF(A39="I","p i","p"),IF(A39="I","i"," ")),"") -> i | D40: A | E40: Jusqu'à la découverte du grillage avertisseur
A41: Fiche AT-PEL du GT | D41: B | E41: Pour enlever la couche de surface dure
A42: TC OPERATEUR | D42: C | E42: Jusqu'à 10 cm du réseau enterré
D43: D | E43: Je ne sais pas
B45: 2-4_010 | C45: E | D45: Le remplacement d'un potelet sans élargissement de la fouille initiale est dispensé de DT et DICT lorsqu'il s'effectue :
C46: =IF(C45="E",IF(A46="P",IF(A45="I","p i","p"),IF(A45="I","i"," ")),"") | D46: A | E46: A moins de 70 cm de profondeur et à plus d'1 mètre de tout affleurant
A47: R554-1b) | D47: B | E47: A moins de 40 cm de profondeur et à plus de 50 cm de tout affleurant
D48: C | E48: A moins de 40 cm de profondeur et à plus d'1 mètre de tout affleurant
D49: D | E49: Je ne sais pas
B52: 2-4_011 | C52: E | D52: Je dois poser, sous un trottoir à revêtement dur, un branchement d'eau neuf dans la zone d'incertitude de localisation d'un réseau de gaz existant. Je peux employer :
C53: =IF(C52="E",IF(A53="P",IF(A52="I","p i","p"),IF(A52="I","i"," ")),"") | D53: A | E53: Une fusée non guidée à partir d'un regard existant
A54: Fiche RX-TMD du GT | D54: B | E54: Un marteau piqueur pour le revêtement de surface, puis un camion aspirateur muni d'un embout souple, une pioche à air ou une pelle à main
D55: C | E55: Une mini-pelle jusqu'à ce que je trouve le grillage avertisseur jaune du réseau de gaz, puis un camion aspirateur, une pioche à air ou une pelle à main
D56: D | E56: Je ne sais pas
B58: 2-4_012 | C58: E | D58: J'utilise un camion aspirateur équipé d'un jet haute pression (eau ou air) près d'un réseau, que puis-je faire ?
C59: =IF(C58="E",IF(A59="P",IF(A58="I","p i","p"),IF(A58="I","i"," ")),"") | D59: A | E59: Je peux mettre l'embout d'aspiration en contact avec le réseau
A60: Fiche AT-TED du GT | D60: B | E60: Je peux mettre le jet d'air ou d'eau à haute pression en contact avec le réseau
D61: C | E61: Je peux approcher l'embout d'aspiration jusqu'à 10 cm du réseau, et uniquement s'il s'agit d'un embout souple
D62: D | E62: Je ne sais pas
B64: 2-4_014 | C64: E | D64: Lors de l'utilisation d'un camion aspirateur à proximité d'un réseau, l'embout souple d'aspiration doit toujours être à plus de 10 cm de l'ouvrage et le jet d'air ou d'eau haute pression peut être utilisé :
C65: =IF(C64="E",IF(A65="P",IF(A64="I","p i","p"),IF(A64="I","i"," ")),"") | D65: A | E65: Sans être dirigé directement sur l'ouvrage
A66: GT - Fiche AT-TED | D66: B | E66: Comme une barre à mine
D67: C | E67: A moins de 5 cm de l'ouvrage
D68: D | E68: Je ne sais pas
A72: I | B72: 2-4_019ce | C72: E | D72: A proximité d'une canalisation principale, l'usage d'une mini-pelle par passes successives de faible épaisseur est possible:
C73: =IF(C72="E",IF(A73="P",IF(A72="I","p i","p"),IF(A72="I","i"," ")),"") -> i | D73: A | E73: Si l'opérateur est aidé d'un suiveur et a une visibilité sur le godet
A74: Fiche AT-PEL du GT | D74: B | E74: Si l'opérateur voit le grillage avertisseur
D75: C | E75: Si le marquage-piquetage est visible
D76: D | E76: Je ne sais pas
A79: I | B79: 2-4_023 | C79: E | D79: Je pose un réseau de gaz. Quel doit être l'écart minimum avec le réseau électrique existant ?
C80: =IF(C79="E",IF(A80="P",IF(A79="I","p i","p"),IF(A79="I","i"," ")),"") -> i | D80: A | E80: 20 cm
A81: GT - 3.4.5 | D81: B | E81: 5 cm
D82: C | E82: 40 cm
D83: D | E83: Je ne sais pas
A85: I | B85: 2-4_024 | C85: E | D85: Pendant combien de temps peut on entreposer des déblais sur une bouche à clé ?
C86: =IF(C85="E",IF(A86="P",IF(A85="I","p i","p"),IF(A85="I","i"," ")),"") -> i | D86: A | E86: Une demi-journée maximum
A87: GT - | D87: B | E87: Une heure maximum
A88: R534 31 | D88: C | E88: Jamais
D89: D | E89: Je ne sais pas
A91: I | B91: 2-4_025ce | C91: E | D91: Quelle distance minimale de précaution doit-on prévoir de part et d'autre du marquage quand on creuse à coté d'un branchement de gaz qui n'apparaît pas sur le plan ?
A92: P | C92: =IF(C91="E",IF(A92="P",IF(A91="I","p i","p"),IF(A91="I","i"," ")),"") -> p i | D92: A | E92: 0,5 m
A93: GT - § 5.2.7.2 | D93: B | E93: 1,0 m
D94: C | E94: 1,5 m
D95: D | E95: Je ne sais pas
B97: 2-4_028 | C97: E | D97: Où peut-on trouver les fiches du guide technique mentionnées dans le récépissé d'une DT ou d'une DICT ?
C98: =IF(C97="E",IF(A98="P",IF(A97="I","p i","p"),IF(A97="I","i"," ")),"") | D98: A | E98: Elles sont obligatoirement jointes par l'exploitant de ce réseau au récépissé de DICT
A99: R554-5-5° | D99: B | E99: Elles sont téléchargeables sur le site du guichet unique www.reseaux-et-canalisations.gouv.fr
D100: C | E100: Elles sont téléchargeables sur le site internet de l'exploitant de ce réseau
D101: D | E101: Je ne sais pas
A103: I | B103: 2-4_030ce | C103: E | D103: En creusant, le conducteur de l'engin a abimé le grillage avertisseur d'un réseau existant. Que doit-il faire ?
C104: =IF(C103="E",IF(A104="P",IF(A103="I","p i","p"),IF(A103="I","i"," ")),"") -> i | D104: A | E104: Remettre les morceaux du grillage dans la fouille
A105: GT - § 5.3.1 | D105: B | E105: Remplacer le grillage abimé par n'importe quel grillage disponible sous la main
D106: C | E106: Remplacer le grillage abimé par un grillage de même couleur
D107: D | E107: Je ne sais pas
B109: 2-4_031 | C109: E | D109: Quels sont les éléments des réseaux de gaz les plus souvent endommagés lors des travaux ?
C110: =IF(C109="E",IF(A110="P",IF(A109="I","p i","p"),IF(A109="I","i"," ")),"") | D110: A | E110: Les réseaux principaux
A111: GT - § 5.2.7 | D111: B | E111: Les accessoires (vannes, coffrets…)
D112: C | E112: Les branchements
D113: D | E113: Je ne sais pas
A115: I | B115: 2-4_032ce | C115: E | D115: En terrassant dans une zone marquée de couleur rose, on s'attend à trouver :
C116: =IF(C115="E",IF(A116="P",IF(A115="I","p i","p"),IF(A115="I","i"," ")),"") -> i | D116: A | E116: Uniquement un réseau électrique
A117: NFS70-003-1/AnG | D117: B | E117: Plusieurs réseaux différents, proches les uns des autres
D118: C | E118: Uniquement un réseau d'assainissement
D119: D | E119: Je ne sais pas
B121: 2-4_033 | C121: E | D121: Lors d'un terrassement, pour déterminer la distance de précaution à respecter autour du marquage d'un réseau, il faut :
A122: P | C122: =IF(C121="E",IF(A122="P",IF(A121="I","p i","p"),IF(A121="I","i"," ")),"") -> p | D122: A | E122: Cumuler le fuseau d'imprécision du réseau existant et le fuseau d'imprécision dû à l'outil et à la nature du terrain
A123: GT - 5.2.5 | D123: B | E123: Retenir la plus grande distance entre le fuseau d'imprécision du réseau existant et le fuseau d'imprécision dû à l'outil et à la nature du terrain
D124: C | E124: Doubler le fuseau d'imprécision du réseau existant
D125: D | E125: Je ne sais pas
...

Sheet 2.5
A1: =Bilan!B18 -> 2.5 Lecture des indices et affleurants
C3: E | D3: Total
B4: Nb quest. | C4: =COUNTIF(C8:C613,C3) -> 25 | D4: =COUNTA(B8:B613) -> 25
B5: Illust. | C5: =COUNTIF(C8:C613,"i")+COUNTIF(C8:C613,"p i") -> 23 | D5: =COUNTIF(A8:A613,"I") -> 23
B6: Prio | C6: =COUNTIF(C8:C613,"p")+COUNTIF(C8:C613,"p i") -> 1 | D6: =COUNTIF(A8:A613,"P") -> 1
A8: I | B8: 2-5_001 | C8: E | D8: Quelles canalisations peuvent changer brusquement de profondeur ?
C9: =IF(C8="E",IF(A9="P",IF(A8="I","p i","p"),IF(A8="I","i"," ")),"") -> i | D9: A | E9: Uniquement les réseaux de gaz
A10: GT - § 2.2 | D10: B | E10: Uniquement les réseaux électriques
D11: C | E11: Tous les types de réseaux
D12: E | E12: Je ne sais pas
A14: I | B14: 2-5_003ce | C14: E | D14: Lors d'un terrassement au dessus d'une canalisation, le grillage avertisseur risque d'être absent :
A15: P | C15: =IF(C14="E",IF(A15="P",IF(A14="I","p i","p"),IF(A14="I","i"," ")),"") -> p i | D15: A | E15: Lorsque la canalisation est classée non sensible pour la sécurité (assainissement par exemple)
A16: A13-7-00/art12 | D16: B | E16: Lorsque la canalisation est flexible
D17: C | E17: Pour tous les types de canalisation
D18: D | E18: Je ne sais pas
E19: A B C C
A20: I | B20: 2-5_004 | C20: E | D20: Laquelle de ces bornes signale un réseau enterré sensible pour la sécurité ?
C21: =IF(C20="E",IF(A21="P",IF(A20="I","p i","p"),IF(A20="I","i"," ")),"") -> i | D21: A | E21: -
A22: A5-3-14/art7-3 | D22: B | E22: -
D23: C | E23: -
D24: D | E24: Je ne sais pas
A28: I | B28: 2-5_006 | C28: E | D28: Je vais creuser dans une zone sans marquage à proximité de ce bâtiment :
C29: =IF(C28="E",IF(A29="P",IF(A28="I","p i","p"),IF(A28="I","i"," ")),"") -> i | D29: A | E29: J’ouvre la porte pour connaître les réseaux et leurs directions
A30: GT - § 3.1.2 | D30: B | E30: Je creuse en faisant attention
D31: C | E31: Je demande une vérification des réseaux et de leur emplacement
D32: D | E32: Je ne sais pas
B34: 2-5_007 | C34: E | D34: Lorsqu'un indice ou affleurant (coffret…) montre l’existence d’un branchement souterrain, comment prendre en compte ce branchement ?
C35: =IF(C34="E",IF(A35="P",IF(A34="I","p i","p"),IF(A34="I","i"," ")),"") | D35: A | E35: Le branchement se trouve forcément sur le chemin le plus court entre l’affleurant et le réseau principal
A36: GT - § 5.2.7 | D36: B | E36: J’applique des précautions particulières de fouille dans une bande de 2 m de large centrée sur le marquage du branchement
D37: C | E37: J'ouvre l'affleurant pour connaître la direction du branchement
D38: D | E38: Je ne sais pas
A40: I | B40: 2-5_008 | C40: E | D40: En creusant, je rencontre un grillage avertisseur jaune. Il signale généralement un réseau :
C41: =IF(C40="E",IF(A41="P",IF(A40="I","p i","p"),IF(A40="I","i"," ")),"") -> i | D41: A | E41: D’électricité
A42: A13-7-00/art12 | D42: B | E42: De téléphone
A43: TC OPERATEUR | D43: C | E43: De gaz
D44: E | E44: Je ne sais pas
A45: I | B45: 2-5_009 | C45: E | D45: En creusant, je rencontre un grillage avertisseur rouge. Il signale généralement un réseau :
C46: =IF(C45="E",IF(A46="P",IF(A45="I","p i","p"),IF(A45="I","i"," ")),"") -> i | D46: A | E46: D’électricité
A47: D14-11-88/art19 | D47: B | E47: De téléphone
A48: TC OPERATEUR | D48: C | E48: De gaz
D49: D | E49: Je ne sais pas
A51: I | B51: 2-5_010 | C51: E | D51: En creusant, je rencontre un grillage avertisseur vert. Il signale généralement un réseau :
C52: =IF(C51="E",IF(A52="P",IF(A51="I","p i","p"),IF(A51="I","i"," ")),"") -> i | D52: A | E52: D’électricité
A53: NFS70-003-1/AnG2 | D53: B | E53: De télécommunication
D54: C | E54: D’eau potable
D55: D | E55: Je ne sais pas
A57: I | B57: 2-5_011 | C57: E | D57: En creusant, je rencontre un grillage avertisseur marron. Il signale généralement un réseau :
C58: =IF(C57="E",IF(A58="P",IF(A57="I","p i","p"),IF(A57="I","i"," ")),"") -> i | D58: A | E58: D’eau potable
A59: NFS70-003-1/AnG2 | D59: B | E59: D’eaux usées ou pluviales
D60: C | E60: De gaz
D61: D | E61: Je ne sais pas
A63: I | B63: 2-5_012 | C63: E | D63: En creusant, je rencontre un grillage avertisseur bleu. Il signale généralement un réseau :
C64: =IF(C63="E",IF(A64="P",IF(A63="I","p i","p"),IF(A63="I","i"," ")),"") -> i | D64: A | E64: D’eau potable
A65: NFS70-003-1/AnG2 | D65: B | E65: D’eaux usées ou pluviales
D66: C | E66: D’électricité
D67: D | E67: Je ne sais pas
A69: I | B69: 2-5_013 | C69: E | D69: En creusant, je rencontre un grillage avertisseur violet. Il signale généralement un réseau :
C70: =IF(C69="E",IF(A70="P",IF(A69="I","p i","p"),IF(A69="I","i"," ")),"") -> i | D70: A | E70: De chaleur
A71: NFS70-003-1/AnG2 | D71: B | E71: D’eaux usées ou pluviales
D72: C | E72: D’électricité
D73: D | E73: Je ne sais pas
A75: I | B75: 2-5_015 | C75: E | D75: En creusant, je découvre un grillage avertisseur. La canalisation :
C76: =IF(C75="E",IF(A76="P",IF(A75="I","p i","p"),IF(A75="I","i"," ")),"") -> i | D76: A | E76: Peut se trouver immédiatement sous le grillage
A77: NFS70-003-1/AnG2 | D77: B | E77: Se situe au minimum à 20 cm sous le grillage
D78: C | E78: Se situe au minimum à 40 cm sous le grillage
D79: D | E79: Je ne sais pas
A81: I | B81: 2-5_016 | C81: E | D81: Ce coffret est un affleurant de réseau:
C82: =IF(C81="E",IF(A82="P",IF(A81="I","p i","p"),IF(A81="I","i"," ")),"") -> i | D82: A | E82: De gaz
A83: GT - § 3.4 | D83: B | E83: D’eau potable
D84: C | E84: Electrique
D85: D | E85: Je ne sais pas
A87: I | B87: 2-5_017 | C87: E | D87: Ce coffret est un affleurant de réseau :
C88: =IF(C87="E",IF(A88="P",IF(A87="I","p i","p"),IF(A87="I","i"," ")),"") -> i | D88: A | E88: De gaz
A89: GT - § 3.1.2 | D89: B | E89: D’eau potable
D90: C | E90: Electrique
D91: D | E91: Je ne sais pas
A93: I | B93: 2-5_018 | C93: E | D93: Ce coffret est un affleurant de réseau :
C94: =IF(C93="E",IF(A94="P",IF(A93="I","p i","p"),IF(A93="I","i"," ")),"") -> i | D94: A | E94: De gaz
A95: GT - § 3.7 | D95: B | E95: D’eau potable
D96: C | E96: De télécommunications
D97: D | E97: Je ne sais pas
A99: I | B99: 2-5_019 | C99: E | D99: Ces deux types de bornes signalent un réseau :
C100: =IF(C99="E",IF(A100="P",IF(A99="I","p i","p"),IF(A99="I","i"," ")),"") -> i | D100: A | E100: De gaz
A101: GT - § 3.4 | D101: B | E101: Postal
D102: C | E102: D’hydrocarbures
D103: D | E103: Je ne sais pas
A105: I | B105: 2-5_020 | C105: E | D105: Ces repères indiquent un réseau :
C106: =IF(C105="E",IF(A106="P",IF(A105="I","p i","p"),IF(A105="I","i"," ")),"") -> i | D106: A | E106: De distribution de gaz
A107: GT - § 3.3 | D107: B | E107: De transport de gaz
D108: C | E108: D’hydrocarbures
D109: D | E109: Je ne sais pas
A111: I | B111: 2-5_021 | C111: E | D111: Quel type de réseau est relié à ce bâtiment ?
C112: =IF(C111="E",IF(A112="P",IF(A111="I","p i","p"),IF(A111="I","i"," ")),"") -> i | D112: A | E112: Assainissement
A113: GT - § 3.1.2 | C113: =IF(C112="E",IF(A113="Prioritaire",IF(A112="I","p i","p"),IF(A112="I","i"," ")),"") | D113: B | E113: Gaz
D114: C | E114: Electrique
D115: D | E115: Je ne sais pas
B117: 2-5_022 | C117: E | D117: Lors d'un terrassement, on découvre un grillage avertisseur coloré. Celui-ci indique :
C118: =IF(C117="E",IF(A118="P",IF(A117="I","p i","p"),IF(A117="I","i"," ")),"") | D118: A | E118: La présence d'un réseau ainsi que sa nature
A119: Guide-Fascicule3 | D119: B | E119: Un tunnel du métro ou de la SNCF
D120: C | E120: Une zone de recherche archéologique protégée
...

Sheet 2.6
A1: =Bilan!B19 -> 2.6 Travaux sans tranchée
C3: C | D3: E | E3: O | F3: Total
B4: Nb quest. | C4: =COUNTIF(C8:C613,C3) -> 1 | D4: =COUNTIF(D8:D613,D3) -> 1 | E4: =COUNTIF(E8:E613,E3) -> 1 | F4: =COUNTA(B8:B613) -> 1
B5: Illust. | C5: =COUNTIF(C8:C613,"i")+COUNTIF(C8:C613,"p i") -> 1 | D5: =COUNTIF(D8:D613,"i")+COUNTIF(D8:D613,"p i") -> 1 | E5: =COUNTIF(E8:E613,"i")+COUNTIF(E8:E613,"p i") -> 1 | F5: =COUNTIF(A8:A613,"I") -> 1
B6: Prio | C6: =COUNTIF(C8:C613,"p")+COUNTIF(C8:C613,"p i") -> 0 | D6: =COUNTIF(D8:D613,"p")+COUNTIF(D8:D613,"p i") -> 0 | E6: =COUNTIF(E8:E613,"p")+COUNTIF(E8:E613,"p i") -> 0 | F6: =COUNTIF(A8:A613,"P") -> 0
A8: I | B8: 2-6_002 | C8: C | D8: E | E8: O | F8: Lors de travaux sans tranchée avec fusée pneumatique, la trajectoire de la fusée doit être surveillée :
C9: =IF(C8="C",IF(A9="P",IF(A8="I","p i","p"),IF(A8="I","i","")),"") -> i | D9: =IF(D8="E",IF(A9="P",IF(A8="I","p i","p"),IF(A8="I","i"," ")),"") -> i | E9: =IF(E8="O",IF(A9="P",IF(A8="I","p i","p"),IF(A8="I","i"," ")),"") -> i | F9: A | G9: Au lancement
A10: Fiche ST-FUS1 du GT | F10: B | G10: A la fin du parcours
F11: C | G11: Durant tout le parcours
F12: D | G12: Je ne sais pas
C116: =IF(C115="C",IF(A116="P",IF(A115="I","p i","p"),IF(A115="I","i","")),"") | D116: =IF(D115="E",IF(A116="P",IF(A115="I","p i","p"),IF(A115="I","i"," ")),"") | E116: =IF(E115="O",IF(A116="P",IF(A115="I","p i","p"),IF(A115="I","i"," ")),"")
C123: =IF(C122="C",IF(A123="P",IF(A122="I","p i","p"),IF(A122="I","i","")),"") | D123: =IF(D122="E",IF(A123="P",IF(A122="I","p i","p"),IF(A122="I","i"," ")),"") | E123: =IF(E122="O",IF(A123="P",IF(A122="I","p i","p"),IF(A122="I","i"," ")),"")
C130: =IF(C129="C",IF(A130="P",IF(A129="I","p i","p"),IF(A129="I","i","")),"") | D130: =IF(D129="E",IF(A130="P",IF(A129="I","p i","p"),IF(A129="I","i"," ")),"") | E130: =IF(E129="O",IF(A130="P",IF(A129="I","p i","p"),IF(A129="I","i"," ")),"")
C137: =IF(C136="C",IF(A137="P",IF(A136="I","p i","p"),IF(A136="I","i","")),"") | D137: =IF(D136="E",IF(A137="P",IF(A136="I","p i","p"),IF(A136="I","i"," ")),"") | E137: =IF(E136="O",IF(A137="P",IF(A136="I","p i","p"),IF(A136="I","i"," ")),"")
C144: =IF(C143="C",IF(A144="P",IF(A143="I","p i","p"),IF(A143="I","i","")),"") | D144: =IF(D143="E",IF(A144="P",IF(A143="I","p i","p"),IF(A143="I","i"," ")),"") | E144: =IF(E143="O",IF(A144="P",IF(A143="I","p i","p"),IF(A143="I","i"," ")),"")
C145: =IF(C144="C",IF(A145="Prioritaire",IF(A144="I","p i","p"),IF(A144="I","i","")),"") | D145: =IF(D144="E",IF(A145="Prioritaire",IF(A144="I","p i","p"),IF(A144="I","i"," ")),"") | E145: =IF(E144="O",IF(A145="Prioritaire",IF(A144="I","p i","p"),IF(A144="I","i"," ")),"")
C151: =IF(C150="C",IF(A151="P",IF(A150="I","p i","p"),IF(A150="I","i","")),"") | D151: =IF(D150="E",IF(A151="P",IF(A150="I","p i","p"),IF(A150="I","i"," ")),"") | E151: =IF(E150="O",IF(A151="P",IF(A150="I","p i","p"),IF(A150="I","i"," ")),"")
C158: =IF(C157="C",IF(A158="P",IF(A157="I","p i","p"),IF(A157="I","i","")),"") | D158: =IF(D157="E",IF(A158="P",IF(A157="I","p i","p"),IF(A157="I","i"," ")),"") | E158: =IF(E157="O",IF(A158="P",IF(A157="I","p i","p"),IF(A157="I","i"," ")),"")
C165: =IF(C164="C",IF(A165="P",IF(A164="I","p i","p"),IF(A164="I","i","")),"") | D165: =IF(D164="E",IF(A165="P",IF(A164="I","p i","p"),IF(A164="I","i"," ")),"") | E165: =IF(E164="O",IF(A165="P",IF(A164="I","p i","p"),IF(A164="I","i"," ")),"")
C172: =IF(C171="C",IF(A172="P",IF(A171="I","p i","p"),IF(A171="I","i","")),"") | D172: =IF(D171="E",IF(A172="P",IF(A171="I","p i","p"),IF(A171="I","i"," ")),"") | E172: =IF(E171="O",IF(A172="P",IF(A171="I","p i","p"),IF(A171="I","i"," ")),"")
C179: =IF(C178="C",IF(A179="P",IF(A178="I","p i","p"),IF(A178="I","i","")),"") | D179: =IF(D178="E",IF(A179="P",IF(A178="I","p i","p"),IF(A178="I","i"," ")),"") | E179: =IF(E178="O",IF(A179="P",IF(A178="I","p i","p"),IF(A178="I","i"," ")),"")
C186: =IF(C185="C",IF(A186="P",IF(A185="I","p i","p"),IF(A185="I","i","")),"") | D186: =IF(D185="E",IF(A186="P",IF(A185="I","p i","p"),IF(A185="I","i"," ")),"") | E186: =IF(E185="O",IF(A186="P",IF(A185="I","p i","p"),IF(A185="I","i"," ")),"")
C193: =IF(C192="C",IF(A193="P",IF(A192="I","p i","p"),IF(A192="I","i","")),"") | D193: =IF(D192="E",IF(A193="P",IF(A192="I","p i","p"),IF(A192="I","i"," ")),"") | E193: =IF(E192="O",IF(A193="P",IF(A192="I","p i","p"),IF(A192="I","i"," ")),"")
C200: =IF(C199="C",IF(A200="P",IF(A199="I","p i","p"),IF(A199="I","i","")),"") | D200: =IF(D199="E",IF(A200="P",IF(A199="I","p i","p"),IF(A199="I","i"," ")),"") | E200: =IF(E199="O",IF(A200="P",IF(A199="I","p i","p"),IF(A199="I","i"," ")),"")
C207: =IF(C206="C",IF(A207="P",IF(A206="I","p i","p"),IF(A206="I","i","")),"") | D207: =IF(D206="E",IF(A207="P",IF(A206="I","p i","p"),IF(A206="I","i"," ")),"") | E207: =IF(E206="O",IF(A207="P",IF(A206="I","p i","p"),IF(A206="I","i"," ")),"")
C214: =IF(C213="C",IF(A214="P",IF(A213="I","p i","p"),IF(A213="I","i","")),"") | D214: =IF(D213="E",IF(A214="P",IF(A213="I","p i","p"),IF(A213="I","i"," ")),"") | E214: =IF(E213="O",IF(A214="P",IF(A213="I","p i","p"),IF(A213="I","i"," ")),"")
C221: =IF(C220="C",IF(A221="P",IF(A220="I","p i","p"),IF(A220="I","i","")),"") | D221: =IF(D220="E",IF(A221="P",IF(A220="I","p i","p"),IF(A220="I","i"," ")),"") | E221: =IF(E220="O",IF(A221="P",IF(A220="I","p i","p"),IF(A220="I","i"," ")),"")
C228: =IF(C227="C",IF(A228="P",IF(A227="I","p i","p"),IF(A227="I","i","")),"") | D228: =IF(D227="E",IF(A228="P",IF(A227="I","p i","p"),IF(A227="I","i"," ")),"") | E228: =IF(E227="O",IF(A228="P",IF(A227="I","p i","p"),IF(A227="I","i"," ")),"")
... C430: =IF(C429="C",IF(A430="P",IF(A429="I","p i","p"),IF(A429="I","i","")),"") | D430: =IF(D429="E",IF(A430="P",IF(A429="I","p i","p"),IF(A429="I","i"," ")),"") | E430: =IF(E429="O",IF(A430="P",IF(A429="I","p i","p"),IF(A429="I","i"," ")),"")
C431: =IF(C430="C",IF(A431="Prioritaire",IF(A430="I","p i","p"),IF(A430="I","i","")),"") | D431: =IF(D430="E",IF(A431="Prioritaire",IF(A430="I","p i","p"),IF(A430="I","i"," ")),"") | E431: =IF(E430="O",IF(A431="Prioritaire",IF(A430="I","p i","p"),IF(A430="I","i"," ")),"")

Sheet 3.1
A1: =Bilan!B21 -> 3.1 Constat d'arrêt ou de sursis
C3: E | D3: Total
B4: Nb quest. | C4: =COUNTIF(C8:C547,C3) -> 7 | D4: =COUNTA(B8:B547) -> 7
B5: Illust. | C5: =COUNTIF(C8:C547,"i")+COUNTIF(C8:C547,"p i") -> 5 | D5: =COUNTIF(A8:A547,"I") -> 5
B6: Prio | C6: =COUNTIF(C8:C547,"p")+COUNTIF(C8:C547,"p i") -> 1 | D6: =COUNTIF(A8:A547,"P") -> 1
A8: I | B8: 3-1_002 | C8: E | D8: Si en cours de chantier, l'opérateur découvre un réseau sans marquage au sol susceptible de gêner les travaux, que doit-il faire ?
A9: P | C9: =IF(C8="E",IF(A9="P",IF(A8="I","p i","p"),IF(A8="I","i"," ")),"") -> p i | D9: A | E9: Arrêter immédiatement les travaux et en référer au responsable de projet
A10: R554-28I | D10: B | E10: Compléter le marquage et continuer les travaux
D11: C | E11: Couper la canalisation car elle est probablement abandonnée
D12: D | E12: Je ne sais pas
B14: 3-1_005 | C14: E | D14: Suite à la découverte d'un réseau non identifié nécessitant un constat d'arrêt de travaux, celui-ci est signé par l'exécutant des travaux ainsi que par :
C15: =IF(C14="E",IF(A15="P",IF(A14="I","p i","p"),IF(A14="I","i"," ")),"") | D15: A | E15: L'exploitant du réseau concerné
A16: NFS70-003-1/AnC | D16: B | E16: Le responsable de projet
D17: C | E17: L'inspecteur du travail
D18: D | E18: Je ne sais pas
A20: I | B20: 3-1_007e | C20: E | D20: Dans une tranchée, un câble électrique mal placé gêne le chantier :
C21: =IF(C20="E",IF(A21="P",IF(A20="I","p i","p"),IF(A20="I","i"," ")),"") -> i | D21: A | E21: Je suspends les travaux aux abords du câble
A22: R554-28I | D22: B | E22: J'impose le port de gants isolants aux personnels
D23: C | E23: Je fais déplacer le câble hors de la tranchée
D24: D | E24: Je ne sais pas
B26: 3-1_010 | C26: E | D26: Lors de travaux, l'executant de travaux découvre un réseau qui présente un écart notable de localisation mettant en cause la poursuite du chantier. Que doit faire l'encadrant du chantier ?
C27: =IF(C26="E",IF(A27="P",IF(A26="I","p i","p"),IF(A26="I","i"," ")),"") | D27: A | E27: Poursuivre le chantier en prenant toutes les mesures de sécurité nécessaires puis informer le maître d'ouvrage et l'exploitant du réseau en cause pour se dégager de toute responsabilité
A28: R554-28I | D28: B | E28: Arrêter les travaux, alerter le responsable de projet (maître d'ouvrage) et attendre sa décision écrite sur les mesures à prendre
D29: C | E29: Contacter directement l'exploitant du réseau en cause qui doit immédiatement procéder à la mise en sécurité du réseau
D30: D | E30: Je ne sais pas
A33: I | B33: 3-1_011e | C33: E | D33: Dans une fouille, je découvre un câble électrique non cartographié. Comment dois-je le considérer ?
C34: =IF(C33="E",IF(A34="P",IF(A33="I","p i","p"),IF(A33="I","i"," ")),"") -> i | D34: A | E34: Comme étant hors tension
D35: B | E35: Comme étant sous tension
D36: C | E36: Comme étant hors service
D37: D | E37: Je ne sais pas
A39: I | B39: 3-1_013 | C39: E | D39: Un opérateur devant soutenir un câble électrique m'informe que celui-ci est endommagé. Que dois-je faire ?
C40: =IF(C39="E",IF(A40="P",IF(A39="I","p i","p"),IF(A39="I","i"," ")),"") -> i | D40: A | E40: Je fais doubler le nombre de sangles
A41: NF C 18-510 | D41: B | E41: Je fais arrêter l'opération et j'alerte l'exploitant
D42: C | E42: Je le fais réparer avec du ruban adhésif avant de faire le soutènement
D43: D | E43: Je ne sais pas
A45: I | B45: 3-1_014e | C45: E | D45: Un opérateur m'informe qu'une canalisation d'un réseau sensible à dégager est emprisonnée dans du béton. Que dois-je faire ?
C46: =IF(C45="E",IF(A46="P",IF(A45="I","p i","p"),IF(A45="I","i"," ")),"") -> i | D46: A | E46: Je lui demande de la dégager à l'aide d'un petit marteur piqueur
A47: NF C 18-510 | D47: B | E47: Je lui demande de la dégager avec une barre à mine isolante
D48: C | E48: Je demande la mise hors tension à l'exploitant
D49: D | E49: Je ne sais pas
C57: =IF(C56="E",IF(A57="P",IF(A56="I","p i","p"),IF(A56="I","i"," ")),"")
C64: =IF(C63="E",IF(A64="P",IF(A63="I","p i","p"),IF(A63="I","i"," ")),"")
C71: =IF(C70="E",IF(A71="P",IF(A70="I","p i","p"),IF(A70="I","i"," ")),"")
C78: =IF(C77="E",IF(A78="P",IF(A77="I","p i","p"),IF(A77="I","i"," ")),"")
C79: =IF(C78="E",IF(A79="Prioritaire",IF(A78="I","p i","p"),IF(A78="I","i"," ")),"")
C85: =IF(C84="E",IF(A85="P",IF(A84="I","p i","p"),IF(A84="I","i"," ")),"")
C92: =IF(C91="E",IF(A92="P",IF(A91="I","p i","p"),IF(A91="I","i"," ")),"")
C99: =IF(C98="E",IF(A99="P",IF(A98="I","p i","p"),IF(A98="I","i"," ")),"")
C106: =IF(C105="E",IF(A106="P",IF(A105="I","p i","p"),IF(A105="I","i"," ")),"")
C113: =IF(C112="E",IF(A113="P",IF(A112="I","p i","p"),IF(A112="I","i"," ")),"")
C120: =IF(C119="E",IF(A120="P",IF(A119="I","p i","p"),IF(A119="I","i"," ")),"")
C127: =IF(C126="E",IF(A127="P",IF(A126="I","p i","p"),IF(A126="I","i"," ")),"")
C134: =IF(C133="E",IF(A134="P",IF(A133="I","p i","p"),IF(A133="I","i"," ")),"")
C141: =IF(C140="E",IF(A141="P",IF(A140="I","p i","p"),IF(A140="I","i"," ")),"")
C148: =IF(C147="E",IF(A148="P",IF(A147="I","p i","p"),IF(A147="I","i"," ")),"")
C155: =IF(C154="E",IF(A155="P",IF(A154="I","p i","p"),IF(A154="I","i"," ")),"")
C162: =IF(C161="E",IF(A162="P",IF(A161="I","p i","p"),IF(A161="I","i"," ")),"")
... C364: =IF(C363="E",IF(A364="P",IF(A363="I","p i","p"),IF(A363="I","i"," ")),"")
C365: =IF(C364="E",IF(A365="Prioritaire",IF(A364="I","p i","p"),IF(A364="I","i"," ")),"")

Sheet 3.2
A1: =Bilan!B22 -> 3.2 Constat de dommage
C3: E | D3: Total
B4: Nb quest. | C4: =COUNTIF(C8:C607,C3) -> 14 | D4: =COUNTA(B8:B638) -> 15
B5: Illust. | C5: =COUNTIF(C8:C607,"i")+COUNTIF(C8:C607,"p i") -> 9 | D5: =COUNTIF(A8:A638,"I") -> 10
B6: Prio | C6: =COUNTIF(C8:C607,"p")+COUNTIF(C8:C607,"p i") -> 3 | D6: =COUNTIF(A8:A638,"P") -> 3
B8: 3-2_003 | C8: E | D8: Le remplissage d’un constat contradictoire en cas de dommage est fait conjointement par :
C9: =IF(C8="E",IF(A9="P",IF(A8="I","p i","p"),IF(A8="I","i"," ")),"") | D9: A | E9: L’entreprise exécutant les travaux et l’exploitant du réseau concerné
A10: NFS70-003-1/AnE | D10: B | E10: L’entreprise exécutant les travaux et le responsable de projet (ou maître d’ouvrage)
D11: C | E11: Le responsable de projet (ou maître d’ouvrage) et l’exploitant de réseau concerné
D12: D | E12: Je ne sais pas
B14: 3-2_004ce | C14: E | D14: En cas d’endommagement d'un réseau de gaz, indiquez la consigne parmi les suivantes qui ne fait pas partie intégrante de la règle des 4A :
C15: =IF(C14="E",IF(A15="P",IF(A14="I","p i","p"),IF(A14="I","i"," ")),"") | D15: A | E15: Accueillir les secours
A16: A15-2-12/An5-3 | D16: B | E16: Alerter les pompiers
D17: C | E17: Arrêter la fuite
D18: D | E18: Je ne sais pas
B20: 3-2_005 | C20: E | D20: Un opérateur d’engin a touché une canalisation de gaz avec le godet provoquant une légère éraflure. Que faire ?
A21: P | C21: =IF(C20="E",IF(A21="P",IF(A20="I","p i","p"),IF(A20="I","i"," ")),"") -> p | D21: A | E21: Entourer la conduite d’un adhésif résistant
A22: R554-31II | D22: B | E22: Arrêter les travaux dans la zone et contacter l’exploitant ainsi que le responsable de projet afin de leur signaler l’incident
D23: C | E23: Continuer le travail car la canalisation est protégée par la protection cathodique
D24: D | E24: Je ne sais pas
B26: 3-2_009 | C26: E | D26: En cas d’endommagement d’une canalisation de gaz avec fuite, en tant qu'encadrant de chantier, j’alerte dans l’ordre :
C27: =IF(C26="E",IF(A27="P",IF(A26="I","p i","p"),IF(A26="I","i"," ")),"") | D27: A | E27: Les pompiers, l’exploitant, le responsable de projet (ou maître d'ouvrage)
A28: R554-31II | D28: B | E28: L’exploitant, la police, les pompiers
D29: C | E29: Le responsable de projet (ou maître d'ouvrage), le 112, l’exploitant
D30: D | E30: Je ne sais pas
A32: I | B32: 3-2_014e | C32: E | D32: Un opérateur vient de prendre une décharge électrique, mais ça a l'air d'aller. Que dois-je faire ?
C33: =IF(C32="E",IF(A33="P",IF(A32="I","p i","p"),IF(A32="I","i"," ")),"") -> i | D33: A | E33: Rien de particulier, il continue son travail
A34: A15-2-12/An5-3 | D34: B | E34: J'en parle à un collègue pour qu’il le surveille
D35: C | E35: Je le fais accompagner à un service médical pour un électrocardiogramme
D36: D | E36: Je ne sais pas
A38: I | B38: 3-2_011 | C38: E | D38: Suite à un accident, j'appelle les pompiers. Je peux raccrocher dès que :
C39: =IF(C38="E",IF(A39="P",IF(A38="I","p i","p"),IF(A38="I","i"," ")),"") -> i | D39: A | E39: J'ai indiqué la nature et le lieu de l'accident
A40: A15-2-12/An5-3 | D40: B | E40: J'ai fourni le nombre de victimes et leur nom
D41: C | E41: Le pompier me le demande
D42: D | E42: Je ne sais pas
A44: I | B44: 3-2_013 | C44: E | D44: Une personne prend une décharge électrique et reste en contact avec le câble électrique. Je m'écarte et j'appelle en tout premier ? | F44: x
C45: =IF(C44="E",IF(A45="P",IF(A44="I","p i","p"),IF(A44="I","i"," ")),"") -> i | D45: A | E45: Les pompiers
A46: A15-2-12/An5-3 | D46: B | E46: L'exploitant
D47: C | E47: le responsable de projet (ou maître d'ouvrage)
D48: D | E48: Je ne sais pas
A50: I | B50: 3-2_014 | D50: Je viens de prendre une décharge électrique, mais ça a l'air d'aller. Que dois-je faire ?
C51: =IF(C50="E",IF(A51="P",IF(A50="I","p i","p"),IF(A50="I","i"," ")),"") | D51: A | E51: Rien de particulier, je continue mon travail
A52: A15-2-12/An5-3 | D52: B | E52: J'en parle à un collègue pour qu’il me surveille
D53: C | E53: Je préviens tout de suite mon chef qui doit m'orienter vers un service médical
D54: D | E54: Je ne sais pas
A56: I | B56: 3-2_015ce | C56: E | D56: En cas d’endommagement d’une canalisation de gaz avec fuite, la règle des 4A signifie :
A57: P | C57: =IF(C56="E",IF(A57="P",IF(A56="I","p i","p"),IF(A56="I","i"," ")),"") -> p i | D57: A | E57: Alerter, Agir, Aménager, Accompagner
A58: A15-2-12/An5-3 | D58: B | E58: Avertir, Arranger, Arrêter, Accueillir
D59: C | E59: Arrêter, Alerter, Aménager, Accueillir
D60: E | E60: Je ne sais pas
A62: I | B62: 3-2_016 | C62: E | D62: En cas d'accident sur une conduite de gaz, que faut-il faire après avoir prévenu les secours ?
C63: =IF(C62="E",IF(A63="P",IF(A62="I","p i","p"),IF(A62="I","i"," ")),"") -> i | D63: A | E63: Aménager un périmètre de sécurité et éloigner les passants
A64: A15-2-12/An5-3 | D64: B | E64: Partir au plus vite
D65: C | E65: Colmater la fuite avec le godet de la pelle mécanique
D66: D | E66: Je ne sais pas
A68: I | B68: 3-2_017e | C68: E | D68: La nacelle que l'opérateur manœuvre entre en contact avec une ligne aérienne et il n'arrive pas à se dégager :
C69: =IF(C68="E",IF(A69="P",IF(A68="I","p i","p"),IF(A68="I","i"," ")),"") -> i | D69: A | E69: Je lui dis de descendre immédiatement de sa nacelle pour se mettre à l’abri
A70: A15-2-12/An5-3 | D70: B | E70: J'arrête le moteur et je lui dis de descendre de sa nacelle
D71: C | E71: Je lui dis d'arrêter le moteur, de rester dans sa nacelle et d'attendre les secours
D72: D | E72: Je ne sais pas
A74: I | B74: 3-2_018e | C74: E | D74: Si une pelle mécanique touche et reste en contact avec une ligne électrique, je dis à l'opérateur :
C75: =IF(C74="E",IF(A75="P",IF(A74="I","p i","p"),IF(A74="I","i"," ")),"") -> i | D75: A | E75: D'essayer d'écarter sa pelle de la ligne et de rester dans sa cabine
A76: GT - § 3.1.4/3.1.6 | D76: B | E76: D'attendre une minute puis de descendre de l’engin
D77: C | E77: De couper le moteur et de descendre de l'engin
D78: D | E78: Je ne sais pas
B80: 3-2_024 | C80: E | D80: Je constate une légère atteinte du revêtement d'une canalisation de transport de gaz naturel. Que faire ?
A81: R554-31II | D81: A | E81: Je recouvre la canalisation
D82: B | E82: Je procède à la réparation ponctuelle du revêtement et je poursuis les travaux de remblais
D83: C | E83: Je le signale immédiatement à l'exploitant
D84: D | E84: Je ne sais pas
A86: I | B86: 3-2_026 | C86: E | D86: En cas de choc sur le revêtement d'une canalisation de transport de gaz :
C87: =IF(C86="E",IF(A87="P",IF(A86="I","p i","p"),IF(A86="I","i"," ")),"") -> i | D87: A | E87: Aucune fuite n'est possible (ce n'est pas le revêtement qui assure l'étanchéité)
A88: R554-31II | D88: B | E88: S'il y a une fuite, elle est détectable immédiatement
D89: C | E89: Une fuite peut survenir immédiatement ou plus tard
D90: D | E90: Je ne sais pas
A92: I | B92: 3-2_028 | C92: E | D92: Que faut-il faire en priorité en cas d'arrachement d'un câble électrique souterrain avec un engin ?
A93: P | C93: =IF(C92="E",IF(A93="P",IF(A92="I","p i","p"),IF(A92="I","i"," ")),"") -> p i | D93: A | E93: Alerter les secours et descendre de l'engin
A94: NF C 18-510 | D94: B | E94: Dégager l'engin pour le mettre à distance
D95: C | E95: Arrêter l'engin et descendre immédiatement
D96: E | E96: Je ne sais pas
C197: =IF(C196="E",IF(A197="P",IF(A196="I","p i","p"),IF(A196="I","i"," ")),"")
C204: =IF(C203="E",IF(A204="P",IF(A203="I","p i","p"),IF(A203="I","i"," ")),"")
C211: =IF(C210="E",IF(A211="P",IF(A210="I","p i","p"),IF(A210="I","i"," ")),"")
C218: =IF(C217="E",IF(A218="P",IF(A217="I","p i","p"),IF(A217="I","i"," ")),"")
C225: =IF(C224="E",IF(A225="P",IF(A224="I","p i","p"),IF(A224="I","i"," ")),"")
C232: =IF(C231="E",IF(A232="P",IF(A231="I","p i","p"),IF(A231="I","i"," ")),"")
C239: =IF(C238="E",IF(A239="P",IF(A238="I","p i","p"),IF(A238="I","i"," ")),"")
C246: =IF(C245="E",IF(A246="P",IF(A245="I","p i","p"),IF(A245="I","i"," ")),"")
C253: =IF(C252="E",IF(A253="P",IF(A252="I","p i","p"),IF(A252="I","i"," ")),"")
C260: =IF(C259="E",IF(A260="P",IF(A259="I","p i","p"),IF(A259="I","i"," ")),"")
C267: =IF(C266="E",IF(A267="P",IF(A266="I","p i","p"),IF(A266="I","i"," ")),"")
C274: =IF(C273="E",IF(A274="P",IF(A273="I","p i","p"),IF(A273="I","i"," ")),"")
... C455: =IF(C454="E",IF(A455="P",IF(A454="I","p i","p"),IF(A454="I","i"," ")),"")
C456: =IF(C455="E",IF(A456="Prioritaire",IF(A455="I","p i","p"),IF(A455="I","i"," ")),"")

Sheet 3.3
A1: =Bilan!B23 -> 3.3 Opérations sur chantier
C3: E | D3: Total
B4: Nb quest. | C4: =COUNTIF(C8:C575,C3) -> 34 | D4: =COUNTA(B8:B575) -> 34
B5: Illust. | C5: =COUNTIF(C8:C575,"i")+COUNTIF(C8:C575,"p i") -> 28 | D5: =COUNTIF(A8:A575,"I") -> 28
B6: Prio | C6: =COUNTIF(C8:C575,"p")+COUNTIF(C8:C575,"p i") -> 1 | D6: =COUNTIF(A8:A575,"P") -> 1
A9: I | B9: 3-3_001 | C9: E | D9: Lors d'une fuite d'une canalisation de gaz, les personnes situées à proximité sont exposées à un risque :
C10: =IF(C9="E",IF(A10="P",IF(A9="I","p i","p"),IF(A9="I","i"," ")),"") -> i | D10: A | E10: De brulure
A11: GT - § 3.3 | D11: B | E11: De fièvre
D12: C | E12: D'eczéma
D13: D | E13: Je ne sais pas
A15: I | B15: 3-3_003 | C15: E | D15: Suite à un choc sur une canalisation de gaz, je considère :
C16: =IF(C15="E",IF(A16="P",IF(A15="I","p i","p"),IF(A15="I","i"," ")),"") -> i | D16: A | E16: Qu'il n'y a pas de risque, s'il n'y a pas d'odeur de gaz
A17: GT - § 3.3.3.4 | D17: B | E17: Qu'il n'y a pas de risque, s'il n'y a pas de sifflement
D18: C | E18: Qu'il y a toujours un risque
D19: D | E19: Je ne sais pas
A21: I | B21: 3-3_004 | C21: E | D21: Dans le cas de contact avec un fil électrique nu, la personne concernée risque la mort par :
C22: =IF(C21="E",IF(A22="P",IF(A21="I","p i","p"),IF(A21="I","i"," ")),"") -> i | D22: A | E22: Electrocution
A23: GT - § 3.1.4 | D23: B | E23: Intoxication
D24: C | E24: Asphyxie
D25: D | E25: Je ne sais pas
A27: I | B27: 3-3_005 | C27: E | D27: Lors d'un contact avec un conducteur électrique isolé endommagé, la personne concernée risque :
C28: =IF(C27="E",IF(A28="P",IF(A27="I","p i","p"),IF(A27="I","i"," ")),"") -> i | D28: A | E28: Seulement l'électrisation
A29: GT - § 3.1.4 | D29: B | E29: Seulement une brulure
D30: C | E30: L'électrisation et une brulure
D31: D | E31: Je ne sais pas
A33: I | B33: 3-3_007 | C33: E | D33: Je dois dégager une canalisation, mais je ne connais pas sa profondeur. Après avoir cassé la surface dure, je peux utiliser :
C34: =IF(C33="E",IF(A34="P",IF(A33="I","p i","p"),IF(A33="I","i"," ")),"") -> i | D34: A | E34: Un marteau piqueur
A35: GT - § 5.3.1 et Fiche AT-TED | D35: B | E35: Un camion aspirateur muni d'un embout souple
D36: C | E36: Une mini-pelle
D37: D | E37: Je ne sais pas
A39: I | B39: 3-3_008 | C39: E | D39: Je dois creuser à proximité d'un ouvrage, mais je ne connais pas sa profondeur. Lequel des outils ou engins suivants est interdit ?
C40: =IF(C39="E",IF(A40="P",IF(A39="I","p i","p"),IF(A39="I","i"," ")),"") -> i | D40: A | E40: Pioche à air
A41: Fiche AT-RTR du GT | D41: B | E41: Camion aspirateur muni d'un embout souple
D42: C | E42: Trancheuse
D43: E | E43: Je ne sais pas
A45: I | B45: 3-3_009 | C45: E | D45: Je dois creuser à proximité d'un ouvrage, mais je ne connais pas sa profondeur. Après avoir cassé la surface dure, je ne dois pas utiliser :
C46: =IF(C45="E",IF(A46="P",IF(A45="I","p i","p"),IF(A45="I","i"," ")),"") -> i | D46: A | E46: Une lance à air
A47: Fiche AT-TED du GT | D47: B | E47: Un camion aspirateur muni d'un embout souple
D48: C | E48: Un marteau piqueur
D49: D | E49: Je ne sais pas
A51: I | B51: 3-3_010 | C51: E | D51: Lors de l'utilisation d'un godet de pelle mécanique à proximité d'un réseau enterré, la distance de sécurité à respecter est : | F51: x
A52: GT - § 5.2.5 | C52: =IF(C51="E",IF(A52="P",IF(A51="I","p i","p"),IF(A51="I","i"," ")),"") -> i | D52: A | E52: L'incertitude de l'ouvrage + l'incertitude de l'outil
D53: B | E53: L'incertitude la plus grande entre l'incertitude de l'ouvrage et l'incertitude de l'outil
D54: C | E54: Le double de l'incertitude de l'outil
D55: D | E55: Je ne sais pas
A58: I | B58: 3-3_014ce | C58: E | D58: Pour être sûr que l'exploitant puisse couper le réseau en cas d’incident lors des travaux, l'exécutant doit :
C59: =IF(C58="E",IF(A59="P",IF(A58="I","p i","p"),IF(A58="I","i"," ")),"") -> i | D59: A | E59: Veiller à ce que les dispositifs de coupure situés dans l’emprise des travaux restent accessibles pendant tous les travaux
A60: R554-31II | D60: B | E60: S’assurer régulièrement du bon fonctionnement des dispositifs de coupure
D61: C | E61: Demander à l’exploitant de vérifier régulièrement le bon fonctionnement des dispositifs de coupure
D62: D | E62: Je ne sais pas
A64: I | B64: 3-3_014eo | C64: E | D64: Sur un chantier, je dois faire en sorte que les vannes d'arrêt restent accessibles.
C65: =IF(C64="E",IF(A65="P",IF(A64="I","p i","p"),IF(A64="I","i"," ")),"") -> i | D65: A | E65: Non, c'est à l'exploitant du réseau de s'en occuper
A66: R554-31II | D66: B | E66: Seulement si mon chef me le demande
D67: C | E67: Oui, chacun doit y faire attention
D68: D | E68: Je ne sais pas
B70: 3-3_015 | C70: E | D70: En tant qu'exécutant des travaux, je dois pendant toute la durée du chantier :
C71: =IF(C70="E",IF(A71="P",IF(A70="I","p i","p"),IF(A70="I","i"," ")),"") | D71: A | E71: Conserver un exemplaire des récépissés de DT sur le chantier
A72: R554-31II | D72: B | E72: Conserver un exemplaire des récépissés de DICT sur le chantier
D73: C | E73: Conserver un exemplaire du marché de travaux sur le chantier
D74: D | E74: Je ne sais pas
A76: I | B76: 3-3_016 | C76: E | D76: Je dois intervenir sur un branchement gaz enterré sous un trottoir. Pour dégager la surface dure, je peux utiliser :
C77: =IF(C76="E",IF(A77="P",IF(A76="I","p i","p"),IF(A76="I","i"," ")),"") -> i | D77: A | E77: Un marteau piqueur
A78: Fiche AT-BRO du GT | D78: B | E78: Une scie circulaire réglée à 30 cm de profondeur maximum
D79: C | E79: Une trancheuse réglée à 30 cm de profondeur maximum
D80: D | E80: Je ne sais pas
B83: 3-3_018e | C83: E | D83: On me confie des travaux de terrassement dans une zone sans marquage-piquetage. Que dois-je faire ? | F83: x
D84: A | E84: Je récupère les récépissés de DICT et j'établis moi-même le marquage-piquetage
A85: GT - § 5.2.8 | D85: B | E85: Je vérifie l'absence de réseau sur les récépissés de DICT
D86: C | E86: Je tiens compte des affleurants et j'établis moi-même le marquage-piquetage
D87: D | E87: Je ne sais pas
A89: I | B89: 3-3_019 | C89: E | D89: Lorsque la zone d'incertitude d'un réseau principal n'est pas indiquée par le marquage, je considère que sa largeur de part et d'autre est de :
C90: =IF(C89="E",IF(A90="P",IF(A89="I","p i","p"),IF(A89="I","i"," ")),"") -> i | D90: A | E90: 0,5 m
A91: R. 554-23 III | D91: B | E91: 2 m
D92: C | E92: 1,5 m
D93: D | E93: Je ne sais pas
A95: I | B95: 3-3_020 | C95: E | D95: A proximité d'un regard ou un coffret, le réseau : | F95: x
C96: =IF(C95="E",IF(A96="P",IF(A95="I","p i","p"),IF(A95="I","i"," ")),"") -> i | D96: A | E96: Peut être à une profondeur de moins de 20 cm
A97: GT - § 4.2.2.1 | D97: B | E97: Est à une profondeur d'au moins 40 cm
D98: C | E98: Est à une profondeur d'au moins 80 cm
D99: D | E99: Je ne sais pas
A101: I | B101: 3-3_021 | C101: E | D101: Ce bloc en béton situé en bord de fouille est : | F101: photo
C102: =IF(C101="E",IF(A102="P",IF(A101="I","p i","p"),IF(A101="I","i"," ")),"") -> i | D102: A | E102: Pratique pour caler des objets lourds
A103: GT - § 7.4 | D103: B | E103: Un danger de chute dans la fouille, à écarter autant que possible
D104: C | E104: Un bon marchepied pour descendre dans la fouille
D105: D | E105: Je ne sais pas
A107: I | B107: 3-3_023ce | C107: E | D107: Quand un réseau flexible en classe de précision A est indiqué sur le plan à 70 cm de profondeur, à partir de quelle profondeur celui-ci peut-il en réalité se trouver ?
A108: P | C108: =IF(C107="E",IF(A108="P",IF(A107="I","p i","p"),IF(A107="I","i"," ")),"") -> p i | D108: A | E108: 20 cm
A109: A15-2-12/art1 3° | D109: B | E109: 40 cm
D110: C | E110: 60 cm
D111: D | E111: Je ne sais pas
A113: I | B113: 3-3_024 | C113: E | D113: Je creuse à proximité d'un réseau rigide en classe de précision A, à partir de quelle distance du marquage dois-je prendre des précautions ?
C114: =IF(C113="E",IF(A114="P",IF(A113="I","p i","p"),IF(A113="I","i"," ")),"") -> i | D114: A | E114: 40 cm
A115: A15-2-12/art1 3° | D115: B | E115: 80 cm
D116: C | E116: 1,5 m
D117: D | E117: Je ne sais pas
A119: I | B119: 3-3_024b | C119: E | D119: Je creuse à proximité d'un réseau principal en classe de précision B, à partir de quelle distance du marquage dois-je prendre des précautions ?
C120: =IF(C119="E",IF(A120="P",IF(A119="I","p i","p"),IF(A119="I","i"," ")),"") -> i | D120: A | E120: 40 cm
A121: A15-2-12/art1 3° | D121: B | E121: 80 cm
D122: C | E122: 1,5 m
D123: D | E123: Je ne sais pas
...

Sheet CORRECTION
B3: questionnaire 1.1 | D3: questionnaire 1.2 | F3: questionnaire 1.3 | H3: questionnaire 1.4 | J3: questionnaire 1.5 | L3: questionnaire 1.6
B4: 1 | C4: B | D4: 9 | E4: C | F4: 1 | G4: B | H4: 1 | I4: C | J4: 1 | K4: A | L4: 1 | M4: A
B5: 2 | C5: A | D5: 10 | E5: B | F5: 3 | G5: A | H5: 2 | I5: B | L5: 3 | M5: A
B6: 3 | C6: B | D6: 11 | E6: B | H6: 4 | I6: A | L6: 4 | M6: A
B7: 6 | C7: A | D7: 12 | E7: A | H7: 5 | I7: B | L7: 11 | M7: C
B8: 7 | C8: A | D8: 13 | E8: C | H8: 6 | I8: C | L8: 16 | M8: B
B9: 8 | C9: B | D9: 14 | E9: C | H9: 7 | I9: B | L9: 18 | M9: B
B10: 9 | C10: C | D10: 15 | E10: B | H10: 8 | I10: C | L10: 27 | M10: A
B11: 10 | C11: B | D11: 17 | E11: B | L11: 35 | M11: B
B12: 12 | C12: C | D12: 23 | E12: B | O12: questionnaire3.1
B13: 13 | C13: C | O13: 2 | P13: A
B14: 14 | C14: C | O14: 5 | P14: B
B15: 16 | C15: C | O15: 7 | P15: A
O16: 10 | P16: B
O17: 11 | P17: B
B18: questionnaire 2.1 | D18: questionnaire 2.2 | F18: questionnaire 2.3 | H18: questionnaire 2.4 | J18: questionnaire 2.5 | L18: questionnaire 2.6 | O18: 13 | P18: B
B19: 4 | C19: B | D19: 1 | E19: A | G19: B | H19: 2 | I19: C | J19: 1 | K19: C | L19: 2 | M19: C | O19: 14 | P19: C
B20: 5 | C20: A | D20: 2 | E20: C | F20: 11 | G20: A | H20: 3 | I20: A | J20: 3 | K20: C
B21: 8 | C21: A | D21: 4 | E21: A | F21: 13 | G21: A | H21: 4 | I21: B | J21: 4 | K21: C
D22: 5 | E22: B | F22: 15 | G22: C | H22: 7 | I22: A | J22: 6 | K22: E | O22: questionnaire3.2
D23: 6 | E23: A | F23: 16 | G23: C | H23: 8 | I23: C | J23: 7 | K23: B | O23: 26 | P23: C
D24: 7 | E24: A | F24: 18 | G24: B | H24: 9 | I24: B | J24: 8 | K24: C | O24: 28 | P24: B
D25: 9 | E25: B | F25: 19 | G25: C | H25: 10 | I25: C | J25: 9 | K25: A
D26: 10 | E26: B | F26: 20 | G26: A | H26: 11 | I26: B | J26: 10 | K26: B
D27: 11 | E27: C | F27: 23 | G27: B | H27: 12 | I27: C | J27: 11 | K27: B | O27: questionnaire 3.3
D28: 12 | E28: C | F28: 23b | G28: B | H28: 14 | I28: A | J28: 12 | K28: A | O28: 1 | P28: A
D29: 14 | E29: A | F29: 25 | G29: C | H29: 19 | I29: A | J29: 13 | K29: A | O29: 3 | P29: C
D30: 15 | E30: A | F30: 26 | G30: B | H30: 23 | I30: A | J30: 15 | K30: A | O30: 4 | P30: A
D31: 17 | E31: C | F31: 27 | G31: B | H31: 24 | I31: C | J31: 16 | K31: A | O31: 5 | P31: C
D32: 18 | E32: B | F32: 28 | G32: C | H32: 25 | I32: B | J32: 17 | K32: C | O32: 7 | P32: B
D33: 19 | E33: A | F33: 29 | G33: B | H33: 28 | I33: B | J33: 18 | K33: C | O33: 8 | P33: C
D34: 20 | E34: A | H34: 30 | I34: C | J34: 19 | K34: A | O34: 9 | P34: C
D35: 22 | E35: C | H35: 31 | I35: C | J35: 20 | K35: B | O35: 10 | P35: A
H36: 32 | I36: B | J36: 21 | K36: C | O36: 14ce | P36: A
H37: 33 | I37: A | J37: 22 | K37: A | O37: 14eo | P37: C
H38: 35 | I38: C | J38: 23 | K38: C | O38: 15 | P38: B
H39: 36 | I39: A | J39: 24 | K39: A | O39: 16 | P39: A
H40: 37 | I40: C | J40: 25 | K40: A | O40: 18 | P40: B
H41: 38 | I41: C | J41: 26 | K41: A | O41: 19 | P41: C
H42: 41 | I42: C | J42: 31 | K42: C | O42: 20 | P42: A
H43: 42 | I43: C | J43: 33 | K43: B | O43: 21 | P43: B
H44: 43 | I44: B | O44: 23 | P44: A
H45: 44 | I45: A | O45: 24 | P45: A
H46: 48 | I46: A | O46: 24 | P46: C
O47: 25 | P47: C
O48: 26 | P48: B
O49: 27 | P49: B
O50: 28 | P50: A
O51: 33 | P51: C
O52: 34 | P52: B
O53: 35 | P53: C
O54: 37 | P54: B
O55: 41 | P55: A
O56: 42 | P56: B
O57: 43 | P57: A
O58: 44 | P58: C
... O61: 53 | P61: B
